num_nodes,tested_nodes,fault_coverage(%),node_coverage(%),avg_rmse,max_rmse,detected_nodes,detected_faults,escaped_nodes,escaped_faults
1,1,100,100,0,0,1,2,0,0
2,2,100,100,0,0,2,4,0,0
3,3,100,100,0,0,3,6,0,0
4,4,100,100,0,0,4,8,0,0
5,5,100,100,0,0,5,10,0,0
6,6,100,100,0,0,6,12,0,0
7,7,100,100,0,0,7,14,0,0
8,8,100,100,0,0,8,16,0,0
9,9,100,100,0,0,9,18,0,0
10,10,100,100,0,0,10,20,0,0
11,11,95.45,100,0,0,11,21,0,1
12,12,95.83,100,0,0,12,23,0,1
13,13,96.15,100,0,0,13,25,0,1
14,14,96.43,100,0,0,14,27,0,1
15,15,96.67,100,0,0,15,29,0,1
16,16,96.88,100,0,0,16,31,0,1
17,17,97.06,100,0,0,17,33,0,1
18,18,97.22,100,0,0,18,35,0,1
19,19,97.37,100,0,0,19,37,0,1
20,20,97.5,100,0,0,20,39,0,1
21,21,97.62,100,0,0,21,41,0,1
22,22,97.73,100,0,0,22,43,0,1
23,23,95.65,100,0,0,23,44,0,2
24,24,93.75,100,0,0,24,45,0,3
25,25,92,100,0,0,25,46,0,4
26,26,90.38,100,0,0,26,47,0,5
27,27,88.89,100,0,0,27,48,0,6
28,28,87.5,100,0,0,28,49,0,7
29,29,86.21,100,0,0,29,50,0,8
30,30,85,100,0,0,30,51,0,9
31,31,83.87,100,0,0,31,52,0,10
32,32,84.38,100,0,0,32,54,0,10
33,33,84.85,100,0,0,33,56,0,10
34,34,83.82,100,0,0,34,57,0,11
35,35,84.29,100,0,0,35,59,0,11
36,36,84.72,100,0,0,36,61,0,11
37,37,85.14,100,0,0,37,63,0,11
38,38,85.53,100,0,0,38,65,0,11
39,39,85.9,100,0,0,39,67,0,11
40,40,86.25,100,0,0,40,69,0,11
41,41,85.37,100,0,0,41,70,0,12
42,42,84.52,100,0,0,42,71,0,13
43,43,84.88,100,0,0,43,73,0,13
44,44,84.09,100,0,0,44,74,0,14
45,45,83.33,100,0,0,45,75,0,15
46,46,82.61,100,0,0,46,76,0,16
47,47,81.91,100,0,0,47,77,0,17
48,48,81.25,100,0,0,48,78,0,18
49,49,80.61,100,0,0,49,79,0,19
50,50,81,100,0,0,50,81,0,19
51,51,80.39,100,0,0,51,82,0,20
52,52,80.77,100,0,0,52,84,0,20
53,53,81.13,100,0,0,53,86,0,20
54,54,80.56,100,0,0,54,87,0,21
55,55,80,100,0,0,55,88,0,22
56,56,79.46,100,0,0,56,89,0,23
57,57,78.95,100,0,0,57,90,0,24
58,58,78.45,100,0,0,58,91,0,25
59,59,77.12,98.31,0,0,58,91,1,27
60,60,76.67,98.33,0,0,59,92,1,28
61,61,76.23,98.36,0,0,60,93,1,29
62,62,75.81,98.39,0,0,61,94,1,30
63,63,75.4,98.41,0,0,62,95,1,31
64,64,75,98.44,0,0,63,96,1,32
65,65,74.62,98.46,0,0,64,97,1,33
66,66,75,98.48,0,0,65,99,1,33
67,67,74.63,98.51,0,0,66,100,1,34
68,68,73.53,97.06,0,0,66,100,2,36
69,69,73.19,97.1,0,0,67,101,2,37
70,70,72.86,97.14,0,0,68,102,2,38
71,71,73.24,97.18,0,0,69,104,2,38
72,72,72.92,97.22,0,0,70,105,2,39
73,73,72.6,97.26,0,0,71,106,2,40
74,74,72.3,97.3,0,0,72,107,2,41
75,75,72.67,97.33,0,0,73,109,2,41
76,76,73.03,97.37,0,0,74,111,2,41
77,77,73.38,97.4,0,0,75,113,2,41
78,78,73.08,97.44,0,0,76,114,2,42
79,79,72.78,97.47,0,0,77,115,2,43
80,80,72.5,97.5,0,0,78,116,2,44
81,81,72.22,97.53,0,0,79,117,2,45
82,82,71.95,97.56,0,0,80,118,2,46
83,83,71.69,97.59,0,0,81,119,2,47
84,84,72.02,97.62,0,0,82,121,2,47
85,85,72.35,97.65,0,0,83,123,2,47
86,86,72.09,97.67,0,0,84,124,2,48
87,87,72.41,97.7,0,0,85,126,2,48
88,88,72.73,97.73,0,0,86,128,2,48
89,89,72.47,97.75,0,0,87,129,2,49
90,90,72.78,97.78,0,0,88,131,2,49
91,91,71.98,96.7,0,0,88,131,3,51
92,92,71.74,96.74,0,0,89,132,3,52
93,93,70.97,95.7,0,0,89,132,4,54
94,94,70.74,95.74,0,0,90,133,4,55
95,95,70.53,95.79,0,0,91,134,4,56
96,96,70.31,95.83,0,0,92,135,4,57
97,97,70.1,95.88,0,0,93,136,4,58
98,98,70.41,95.92,0,0,94,138,4,58
99,99,70.2,95.96,0,0,95,139,4,59
100,100,69.5,95,0,0,95,139,5,61
101,101,69.31,95.05,0,0,96,140,5,62
102,102,69.61,95.1,0,0,97,142,5,62
103,103,69.42,95.15,0,0,98,143,5,63
104,104,69.23,95.19,0,0,99,144,5,64
105,105,69.05,95.24,0,0,100,145,5,65
106,106,68.87,95.28,0,0,101,146,5,66
107,107,68.22,94.39,0,0,101,146,6,68
108,108,68.06,94.44,0,0,102,147,6,69
109,109,67.89,94.5,0,0,103,148,6,70
110,110,67.73,94.55,0,0,104,149,6,71
111,111,67.57,94.59,0,0,105,150,6,72
112,112,67.41,94.64,0,0,106,151,6,73
113,113,67.7,94.69,0,0,107,153,6,73
114,114,67.98,94.74,0,0,108,155,6,73
115,115,67.83,94.78,0,0,109,156,6,74
116,116,67.67,94.83,0,0,110,157,6,75
117,117,67.95,94.87,0,0,111,159,6,75
118,118,67.8,94.92,0,0,112,160,6,76
119,119,67.65,94.96,0,0,113,161,6,77
120,120,67.5,95,0,0,114,162,6,78
121,121,67.77,95.04,0,0,115,164,6,78
122,122,67.62,95.08,0,0,116,165,6,79
123,123,67.48,95.12,0,0,117,166,6,80
124,124,67.74,95.16,0,0,118,168,6,80
125,125,67.6,95.2,0,0,119,169,6,81
126,126,67.46,95.24,0,0,120,170,6,82
127,127,67.32,95.28,0,0,121,171,6,83
128,128,67.19,95.31,0,0,122,172,6,84
129,129,67.05,95.35,0,0,123,173,6,85
130,130,66.54,94.62,0,0,123,173,7,87
131,131,66.03,93.89,0,0,123,173,8,89
132,132,65.91,93.94,0,0,124,174,8,90
133,133,66.17,93.98,0,0,125,176,8,90
134,134,66.42,94.03,0,0,126,178,8,90
135,135,66.67,94.07,0,0,127,180,8,90
136,136,66.18,93.38,0,0,127,180,9,92
137,137,66.42,93.43,0,0,128,182,9,92
138,138,66.67,93.48,0,0,129,184,9,92
139,139,66.55,93.53,0,0,130,185,9,93
140,140,66.07,92.86,0,0,130,185,10,95
141,141,65.96,92.91,0,0,131,186,10,96
142,142,66.2,92.96,0,0,132,188,10,96
143,143,65.73,92.31,0,0,132,188,11,98
144,144,65.62,92.36,0,0,133,189,11,99
145,145,65.17,91.72,0,0,133,189,12,101
146,146,65.41,91.78,0,0,134,191,12,101
147,147,65.31,91.84,0,0,135,192,12,102
148,148,65.54,91.89,0,0,136,194,12,102
149,149,65.1,91.28,0,0,136,194,13,104
150,150,65,91.33,0,0,137,195,13,105
151,151,64.9,91.39,0,0,138,196,13,106
152,152,64.47,90.79,0,0,138,196,14,108
153,153,64.38,90.85,0,0,139,197,14,109
154,154,64.29,90.91,0,0,140,198,14,110
155,155,64.52,90.97,0,0,141,200,14,110
156,156,64.42,91.03,0,0,142,201,14,111
157,157,64.33,91.08,0,0,143,202,14,112
158,158,63.92,90.51,0,0,143,202,15,114
159,159,63.84,90.57,0,0,144,203,15,115
160,160,63.75,90.62,0,0,145,204,15,116
161,161,63.98,90.68,0,0,146,206,15,116
162,162,63.58,90.12,0,0,146,206,16,118
163,163,63.5,90.18,0,0,147,207,16,119
164,164,63.41,90.24,0,0,148,208,16,120
165,165,63.64,90.3,0,0,149,210,16,120
166,166,63.86,90.36,0,0,150,212,16,120
167,167,63.77,90.42,0,0,151,213,16,121
168,168,63.69,90.48,0,0,152,214,16,122
169,169,63.31,89.94,0,0,152,214,17,124
170,170,63.24,90,0,0,153,215,17,125
171,171,63.16,90.06,0,0,154,216,17,126
172,172,62.79,89.53,0,0,154,216,18,128
173,173,63.01,89.6,0,0,155,218,18,128
174,174,62.64,89.08,0,0,155,218,19,130
175,175,62.86,89.14,0,0,156,220,19,130
176,176,62.78,89.2,0,0,157,221,19,131
177,177,62.71,89.27,0,0,158,222,19,132
178,178,62.64,89.33,0,0,159,223,19,133
179,179,62.57,89.39,0,0,160,224,19,134
180,180,62.5,89.44,0,0,161,225,19,135
181,181,62.15,88.95,0,0,161,225,20,137
182,182,62.09,89.01,0,0,162,226,20,138
183,183,62.3,89.07,0,0,163,228,20,138
184,184,61.96,88.59,0,0,163,228,21,140
185,185,61.89,88.65,0,0,164,229,21,141
186,186,62.1,88.71,0,0,165,231,21,141
187,187,61.76,88.24,0,0,165,231,22,143
188,188,61.97,88.3,0,0,166,233,22,143
189,189,61.9,88.36,0,0,167,234,22,144
190,190,61.84,88.42,0,0,168,235,22,145
191,191,62.04,88.48,0,0,169,237,22,145
192,192,62.24,88.54,0,0,170,239,22,145
193,193,62.18,88.6,0,0,171,240,22,146
194,194,62.11,88.66,0,0,172,241,22,147
195,195,62.05,88.72,0,0,173,242,22,148
196,196,61.99,88.78,0,0,174,243,22,149
197,197,61.93,88.83,0,0,175,244,22,150
198,198,61.87,88.89,0,0,176,245,22,151
199,199,62.06,88.94,0,0,177,247,22,151
200,200,62.25,89,0,0,178,249,22,151
201,201,61.94,88.56,0,0,178,249,23,153
202,202,61.88,88.61,0,0,179,250,23,154
203,203,61.82,88.67,0,0,180,251,23,155
204,204,61.52,88.24,0,0,180,251,24,157
205,205,61.71,88.29,0,0,181,253,24,157
206,206,61.89,88.35,0,0,182,255,24,157
207,207,61.84,88.41,0,0,183,256,24,158
208,208,61.78,88.46,0,0,184,257,24,159
209,209,61.72,88.52,0,0,185,258,24,160
210,210,61.43,88.1,0,0,185,258,25,162
211,211,61.14,87.68,0,0,185,258,26,164
212,212,60.85,87.26,0,0,185,258,27,166
213,213,60.56,86.85,0,0,185,258,28,168
214,214,60.51,86.92,0,0,186,259,28,169
215,215,60.47,86.98,0,0,187,260,28,170
216,216,60.65,87.04,0,0,188,262,28,170
217,217,60.6,87.1,0,0,189,263,28,171
218,218,60.55,87.16,0,0,190,264,28,172
219,219,60.5,87.21,0,0,191,265,28,173
220,220,60.45,87.27,0,0,192,266,28,174
221,221,60.41,87.33,0,0,193,267,28,175
222,222,60.36,87.39,0,0,194,268,28,176
223,223,60.54,87.44,0,0,195,270,28,176
224,224,60.71,87.5,0,0,196,272,28,176
225,225,60.89,87.56,0,0,197,274,28,176
226,226,60.84,87.61,0,0,198,275,28,177
227,227,60.79,87.67,0,0,199,276,28,178
228,228,60.96,87.72,0,0,200,278,28,178
229,229,60.7,87.34,0,0,200,278,29,180
230,230,60.87,87.39,0,0,201,280,29,180
231,231,60.82,87.45,0,0,202,281,29,181
232,232,60.78,87.5,0,0,203,282,29,182
233,233,60.73,87.55,0,0,204,283,29,183
234,234,60.68,87.61,0,0,205,284,29,184
235,235,60.43,87.23,0,0,205,284,30,186
236,236,60.59,87.29,0,0,206,286,30,186
237,237,60.76,87.34,0,0,207,288,30,186
238,238,60.92,87.39,0,0,208,290,30,186
239,239,61.09,87.45,0,0,209,292,30,186
240,240,61.04,87.5,0,0,210,293,30,187
241,241,61,87.55,0,0,211,294,30,188
242,242,60.95,87.6,0,0,212,295,30,189
243,243,60.91,87.65,0,0,213,296,30,190
244,244,60.86,87.7,0,0,214,297,30,191
245,245,60.82,87.76,0,0,215,298,30,192
246,246,60.77,87.8,0,0,216,299,30,193
247,247,60.73,87.85,0,0,217,300,30,194
248,248,60.89,87.9,0,0,218,302,30,194
249,249,60.84,87.95,0,0,219,303,30,195
250,250,60.8,88,0,0,220,304,30,196
251,251,60.76,88.05,0,0,221,305,30,197
252,252,60.71,88.1,0,0,222,306,30,198
253,253,60.87,88.14,0,0,223,308,30,198
254,254,61.02,88.19,0,0,224,310,30,198
255,255,60.98,88.24,0,0,225,311,30,199
256,256,61.13,88.28,0,0,226,313,30,199
257,257,61.09,88.33,0,0,227,314,30,200
258,258,61.05,88.37,0,0,228,315,30,201
259,259,60.81,88.03,0,0,228,315,31,203
260,260,60.77,88.08,0,0,229,316,31,204
261,261,60.73,88.12,0,0,230,317,31,205
262,262,60.69,88.17,0,0,231,318,31,206
263,263,60.65,88.21,0,0,232,319,31,207
264,264,60.42,87.88,0,0,232,319,32,209
265,265,60.38,87.92,0,0,233,320,32,210
266,266,60.34,87.97,0,0,234,321,32,211
267,267,60.3,88.01,0,0,235,322,32,212
268,268,60.45,88.06,0,0,236,324,32,212
269,269,60.41,88.1,0,0,237,325,32,213
270,270,60.37,88.15,0,0,238,326,32,214
271,271,60.33,88.19,0,0,239,327,32,215
272,272,60.48,88.24,0,0,240,329,32,215
273,273,60.44,88.28,0,0,241,330,32,216
274,274,60.58,88.32,0,0,242,332,32,216
275,275,60.36,88,0,0,242,332,33,218
276,276,60.33,88.04,0,0,243,333,33,219
277,277,60.11,87.73,0,0,243,333,34,221
278,278,60.07,87.77,0,0,244,334,34,222
279,279,60.04,87.81,0,0,245,335,34,223
280,280,59.82,87.5,0,0,245,335,35,225
281,281,59.79,87.54,0,0,246,336,35,226
282,282,59.93,87.59,0,0,247,338,35,226
283,283,59.89,87.63,0,0,248,339,35,227
284,284,59.86,87.68,0,0,249,340,35,228
285,285,59.82,87.72,0,0,250,341,35,229
286,286,59.62,87.41,0,0,250,341,36,231
287,287,59.41,87.11,0,0,250,341,37,233
288,288,59.38,87.15,0,0,251,342,37,234
289,289,59.34,87.2,0,0,252,343,37,235
290,290,59.31,87.24,0,0,253,344,37,236
291,291,59.11,86.94,0,0,253,344,38,238
292,292,59.08,86.99,0,0,254,345,38,239
293,293,59.04,87.03,0,0,255,346,38,240
294,294,58.84,86.73,0,0,255,346,39,242
295,295,58.64,86.44,0,0,255,346,40,244
296,296,58.78,86.49,0,0,256,348,40,244
297,297,58.75,86.53,0,0,257,349,40,245
298,298,58.56,86.24,0,0,257,349,41,247
299,299,58.7,86.29,0,0,258,351,41,247
300,300,58.67,86.33,0,0,259,352,41,248
301,301,58.8,86.38,0,0,260,354,41,248
302,302,58.77,86.42,0,0,261,355,41,249
303,303,58.91,86.47,0,0,262,357,41,249
304,304,58.72,86.18,0,0,262,357,42,251
305,305,58.85,86.23,0,0,263,359,42,251
306,306,58.82,86.27,0,0,264,360,42,252
307,307,58.63,85.99,0,0,264,360,43,254
308,308,58.6,86.04,0,0,265,361,43,255
309,309,58.74,86.08,0,0,266,363,43,255
310,310,58.71,86.13,0,0,267,364,43,256
311,311,58.84,86.17,0,0,268,366,43,256
312,312,58.65,85.9,0,0,268,366,44,258
313,313,58.63,85.94,0,0,269,367,44,259
314,314,58.6,85.99,0,0,270,368,44,260
315,315,58.73,86.03,0,0,271,370,44,260
316,316,58.54,85.76,0,0,271,370,45,262
317,317,58.36,85.49,0,0,271,370,46,264
318,318,58.49,85.53,0,0,272,372,46,264
319,319,58.46,85.58,0,0,273,373,46,265
320,320,58.59,85.62,0,0,274,375,46,265
321,321,58.57,85.67,0,0,275,376,46,266
322,322,58.7,85.71,0,0,276,378,46,266
323,323,58.67,85.76,0,0,277,379,46,267
324,324,58.8,85.8,0,0,278,381,46,267
325,325,58.77,85.85,0,0,279,382,46,268
326,326,58.74,85.89,0,0,280,383,46,269
327,327,58.56,85.63,0,0,280,383,47,271
328,328,58.69,85.67,0,0,281,385,47,271
329,329,58.81,85.71,0,0,282,387,47,271
330,330,58.94,85.76,0,0,283,389,47,271
331,331,59.06,85.8,0,0,284,391,47,271
332,332,59.04,85.84,0,0,285,392,47,272
333,333,59.01,85.89,0,0,286,393,47,273
334,334,59.13,85.93,0,0,287,395,47,273
335,335,58.96,85.67,0,0,287,395,48,275
336,336,58.93,85.71,0,0,288,396,48,276
337,337,59.05,85.76,0,0,289,398,48,276
338,338,59.02,85.8,0,0,290,399,48,277
339,339,59,85.84,0,0,291,400,48,278
340,340,59.12,85.88,0,0,292,402,48,278
341,341,58.94,85.63,0,0,292,402,49,280
342,342,58.92,85.67,0,0,293,403,49,281
343,343,58.75,85.42,0,0,293,403,50,283
344,344,58.87,85.47,0,0,294,405,50,283
345,345,58.84,85.51,0,0,295,406,50,284
346,346,58.82,85.55,0,0,296,407,50,285
347,347,58.93,85.59,0,0,297,409,50,285
348,348,58.76,85.34,0,0,297,409,51,287
349,349,58.88,85.39,0,0,298,411,51,287
350,350,59,85.43,0,0,299,413,51,287
351,351,58.97,85.47,0,0,300,414,51,288
352,352,59.09,85.51,0,0,301,416,51,288
353,353,59.07,85.55,0,0,302,417,51,289
354,354,59.04,85.59,0,0,303,418,51,290
355,355,59.01,85.63,0,0,304,419,51,291
356,356,58.99,85.67,0,0,305,420,51,292
357,357,58.82,85.43,0,0,305,420,52,294
358,358,58.66,85.2,0,0,305,420,53,296
359,359,58.64,85.24,0,0,306,421,53,297
360,360,58.47,85,0,0,306,421,54,299
361,361,58.59,85.04,0,0,307,423,54,299
362,362,58.56,85.08,0,0,308,424,54,300
363,363,58.4,84.85,0,0,308,424,55,302
364,364,58.38,84.89,0,0,309,425,55,303
365,365,58.49,84.93,0,0,310,427,55,303
366,366,58.61,84.97,0,0,311,429,55,303
367,367,58.72,85.01,0,0,312,431,55,303
368,368,58.83,85.05,0,0,313,433,55,303
369,369,58.94,85.09,0,0,314,435,55,303
370,370,58.78,84.86,0,0,314,435,56,305
371,371,58.76,84.91,0,0,315,436,56,306
372,372,58.87,84.95,0,0,316,438,56,306
373,373,58.98,84.99,0,0,317,440,56,306
374,374,59.09,85.03,0,0,318,442,56,306
375,375,58.93,84.8,0,0,318,442,57,308
376,376,58.91,84.84,0,0,319,443,57,309
377,377,59.02,84.88,0,0,320,445,57,309
378,378,58.86,84.66,0,0,320,445,58,311
379,379,58.84,84.7,0,0,321,446,58,312
380,380,58.82,84.74,0,0,322,447,58,313
381,381,58.79,84.78,0,0,323,448,58,314
382,382,58.77,84.82,0,0,324,449,58,315
383,383,58.88,84.86,0,0,325,451,58,315
384,384,58.85,84.9,0,0,326,452,58,316
385,385,58.83,84.94,0,0,327,453,58,317
386,386,58.81,84.97,0,0,328,454,58,318
387,387,58.79,85.01,0,0,329,455,58,319
388,388,58.63,84.79,0,0,329,455,59,321
389,389,58.48,84.58,0,0,329,455,60,323
390,390,58.33,84.36,0,0,329,455,61,325
391,391,58.44,84.4,0,0,330,457,61,325
392,392,58.42,84.44,0,0,331,458,61,326
393,393,58.52,84.48,0,0,332,460,61,326
394,394,58.38,84.26,0,0,332,460,62,328
395,395,58.23,84.05,0,0,332,460,63,330
396,396,58.08,83.84,0,0,332,460,64,332
397,397,58.06,83.88,0,0,333,461,64,333
398,398,58.17,83.92,0,0,334,463,64,333
399,399,58.15,83.96,0,0,335,464,64,334
400,400,58.13,84,0,0,336,465,64,335
401,401,58.1,84.04,0,0,337,466,64,336
402,402,58.08,84.08,0,0,338,467,64,337
403,403,57.94,83.87,0,0,338,467,65,339
404,404,57.92,83.91,0,0,339,468,65,340
405,405,57.9,83.95,0,0,340,469,65,341
406,406,57.88,83.99,0,0,341,470,65,342
407,407,57.74,83.78,0,0,341,470,66,344
408,408,57.6,83.58,0,0,341,470,67,346
409,409,57.58,83.62,0,0,342,471,67,347
410,410,57.56,83.66,0,0,343,472,67,348
411,411,57.66,83.7,0,0,344,474,67,348
412,412,57.65,83.74,0,0,345,475,67,349
413,413,57.51,83.54,0,0,345,475,68,351
414,414,57.49,83.57,0,0,346,476,68,352
415,415,57.47,83.61,0,0,347,477,68,353
416,416,57.45,83.65,0,0,348,478,68,354
417,417,57.31,83.45,0,0,348,478,69,356
418,418,57.3,83.49,0,0,349,479,69,357
419,419,57.28,83.53,0,0,350,480,69,358
420,420,57.26,83.57,0,0,351,481,69,359
421,421,57.24,83.61,0,0,352,482,69,360
422,422,57.11,83.41,0,0,352,482,70,362
423,423,56.97,83.22,0,0,352,482,71,364
424,424,56.84,83.02,0,0,352,482,72,366
425,425,56.71,82.82,0,0,352,482,73,368
426,426,56.69,82.86,0,0,353,483,73,369
427,427,56.79,82.9,0,0,354,485,73,369
428,428,56.66,82.71,0,0,354,485,74,371
429,429,56.53,82.52,0,0,354,485,75,373
430,430,56.4,82.33,0,0,354,485,76,375
431,431,56.38,82.37,0,0,355,486,76,376
432,432,56.37,82.41,0,0,356,487,76,377
433,433,56.24,82.22,0,0,356,487,77,379
434,434,56.11,82.03,0,0,356,487,78,381
435,435,55.98,81.84,0,0,356,487,79,383
436,436,55.96,81.88,0,0,357,488,79,384
437,437,55.95,81.92,0,0,358,489,79,385
438,438,55.94,81.96,0,0,359,490,79,386
439,439,56.04,82,0,0,360,492,79,386
440,440,56.02,82.05,0,0,361,493,79,387
441,441,56.12,82.09,0,0,362,495,79,387
442,442,56.22,82.13,0,0,363,497,79,387
443,443,56.09,81.94,0,0,363,497,80,389
444,444,56.08,81.98,0,0,364,498,80,390
445,445,55.96,81.8,0,0,364,498,81,392
446,446,56.05,81.84,0,0,365,500,81,392
447,447,56.04,81.88,0,0,366,501,81,393
448,448,55.92,81.7,0,0,366,501,82,395
449,449,55.79,81.51,0,0,366,501,83,397
450,450,55.89,81.56,0,0,367,503,83,397
451,451,55.76,81.37,0,0,367,503,84,399
452,452,55.75,81.42,0,0,368,504,84,400
453,453,55.63,81.24,0,0,368,504,85,402
454,454,55.62,81.28,0,0,369,505,85,403
455,455,55.71,81.32,0,0,370,507,85,403
456,456,55.7,81.36,0,0,371,508,85,404
457,457,55.58,81.18,0,0,371,508,86,406
458,458,55.57,81.22,0,0,372,509,86,407
459,459,55.45,81.05,0,0,372,509,87,409
460,460,55.43,81.09,0,0,373,510,87,410
461,461,55.31,80.91,0,0,373,510,88,412
462,462,55.19,80.74,0,0,373,510,89,414
463,463,55.08,80.56,0,0,373,510,90,416
464,464,54.96,80.39,0,0,373,510,91,418
465,465,54.84,80.22,0,0,373,510,92,420
466,466,54.83,80.26,0,0,374,511,92,421
467,467,54.71,80.09,0,0,374,511,93,423
468,468,54.7,80.13,0,0,375,512,93,424
469,469,54.8,80.17,0,0,376,514,93,424
470,470,54.68,80,0,0,376,514,94,426
471,471,54.67,80.04,0,0,377,515,94,427
472,472,54.56,79.87,0,0,377,515,95,429
473,473,54.65,79.92,0,0,378,517,95,429
474,474,54.54,79.75,0,0,378,517,96,431
475,475,54.42,79.58,0,0,378,517,97,433
476,476,54.41,79.62,0,0,379,518,97,434
477,477,54.51,79.66,0,0,380,520,97,434
478,478,54.5,79.71,0,0,381,521,97,435
479,479,54.38,79.54,0,0,381,521,98,437
480,480,54.37,79.58,0,0,382,522,98,438
481,481,54.37,79.63,0,0,383,523,98,439
482,482,54.25,79.46,0,0,383,523,99,441
483,483,54.14,79.3,0,0,383,523,100,443
484,484,54.13,79.34,0,0,384,524,100,444
485,485,54.02,79.18,0,0,384,524,101,446
486,486,54.12,79.22,0,0,385,526,101,446
487,487,54,79.06,0,0,385,526,102,448
488,488,54,79.1,0,0,386,527,102,449
489,489,53.99,79.14,0,0,387,528,102,450
490,490,54.08,79.18,0,0,388,530,102,450
491,491,54.07,79.23,0,0,389,531,102,451
492,492,54.07,79.27,0,0,390,532,102,452
493,493,53.96,79.11,0,0,390,532,103,454
494,494,53.95,79.15,0,0,391,533,103,455
495,495,53.94,79.19,0,0,392,534,103,456
496,496,53.83,79.03,0,0,392,534,104,458
497,497,53.82,79.07,0,0,393,535,104,459
498,498,53.82,79.12,0,0,394,536,104,460
499,499,53.81,79.16,0,0,395,537,104,461
500,500,53.8,79.2,0,0,396,538,104,462
501,501,53.89,79.24,0,0,397,540,104,462
502,502,53.78,79.08,0,0,397,540,105,464
503,503,53.88,79.13,0,0,398,542,105,464
504,504,53.77,78.97,0,0,398,542,106,466
505,505,53.66,78.81,0,0,398,542,107,468
506,506,53.66,78.85,0,0,399,543,107,469
507,507,53.65,78.9,0,0,400,544,107,470
508,508,53.54,78.74,0,0,400,544,108,472
509,509,53.44,78.59,0,0,400,544,109,474
510,510,53.43,78.63,0,0,401,545,109,475
511,511,53.33,78.47,0,0,401,545,110,477
512,512,53.32,78.52,0,0,402,546,110,478
513,513,53.41,78.56,0,0,403,548,110,478
514,514,53.4,78.6,0,0,404,549,110,479
515,515,53.3,78.45,0,0,404,549,111,481
516,516,53.39,78.49,0,0,405,551,111,481
517,517,53.29,78.34,0,0,405,551,112,483
518,518,53.28,78.38,0,0,406,552,112,484
519,519,53.28,78.42,0,0,407,553,112,485
520,520,53.17,78.27,0,0,407,553,113,487
521,521,53.17,78.31,0,0,408,554,113,488
522,522,53.16,78.35,0,0,409,555,113,489
523,523,53.06,78.2,0,0,409,555,114,491
524,524,53.05,78.24,0,0,410,556,114,492
525,525,53.05,78.29,0,0,411,557,114,493
526,526,53.04,78.33,0,0,412,558,114,494
527,527,53.04,78.37,0,0,413,559,114,495
528,528,53.03,78.41,0,0,414,560,114,496
529,529,52.93,78.26,0,0,414,560,115,498
530,530,53.02,78.3,0,0,415,562,115,498
531,531,53.11,78.34,0,0,416,564,115,498
532,532,53.1,78.38,0,0,417,565,115,499
533,533,53.1,78.42,0,0,418,566,115,500
534,534,53.18,78.46,0,0,419,568,115,500
535,535,53.18,78.5,0,0,420,569,115,501
536,536,53.08,78.36,0,0,420,569,116,503
537,537,53.17,78.4,0,0,421,571,116,503
538,538,53.16,78.44,0,0,422,572,116,504
539,539,53.06,78.29,0,0,422,572,117,506
540,540,52.96,78.15,0,0,422,572,118,508
541,541,52.87,78,0,0,422,572,119,510
542,542,52.86,78.04,0,0,423,573,119,511
543,543,52.85,78.08,0,0,424,574,119,512
544,544,52.85,78.12,0,0,425,575,119,513
545,545,52.84,78.17,0,0,426,576,119,514
546,546,52.93,78.21,0,0,427,578,119,514
547,547,52.83,78.06,0,0,427,578,120,516
548,548,52.74,77.92,0,0,427,578,121,518
549,549,52.73,77.96,0,0,428,579,121,519
550,550,52.64,77.82,0,0,428,579,122,521
551,551,52.63,77.86,0,0,429,580,122,522
552,552,52.63,77.9,0,0,430,581,122,523
553,553,52.71,77.94,0,0,431,583,122,523
554,554,52.71,77.98,0,0,432,584,122,524
555,555,52.7,78.02,0,0,433,585,122,525
556,556,52.61,77.88,0,0,433,585,123,527
557,557,52.51,77.74,0,0,433,585,124,529
558,558,52.42,77.6,0,0,433,585,125,531
559,559,52.42,77.64,0,0,434,586,125,532
560,560,52.41,77.68,0,0,435,587,125,533
561,561,52.32,77.54,0,0,435,587,126,535
562,562,52.4,77.58,0,0,436,589,126,535
563,563,52.49,77.62,0,0,437,591,126,535
564,564,52.39,77.48,0,0,437,591,127,537
565,565,52.39,77.52,0,0,438,592,127,538
566,566,52.39,77.56,0,0,439,593,127,539
567,567,52.29,77.43,0,0,439,593,128,541
568,568,52.38,77.46,0,0,440,595,128,541
569,569,52.37,77.5,0,0,441,596,128,542
570,570,52.46,77.54,0,0,442,598,128,542
571,571,52.36,77.41,0,0,442,598,129,544
572,572,52.27,77.27,0,0,442,598,130,546
573,573,52.36,77.31,0,0,443,600,130,546
574,574,52.26,77.18,0,0,443,600,131,548
575,575,52.17,77.04,0,0,443,600,132,550
576,576,52.17,77.08,0,0,444,601,132,551
577,577,52.08,76.95,0,0,444,601,133,553
578,578,52.08,76.99,0,0,445,602,133,554
579,579,51.99,76.86,0,0,445,602,134,556
580,580,51.98,76.9,0,0,446,603,134,557
581,581,51.98,76.94,0,0,447,604,134,558
582,582,52.06,76.98,0,0,448,606,134,558
583,583,51.97,76.84,0,0,448,606,135,560
584,584,51.88,76.71,0,0,448,606,136,562
585,585,51.79,76.58,0,0,448,606,137,564
586,586,51.79,76.62,0,0,449,607,137,565
587,587,51.79,76.66,0,0,450,608,137,566
588,588,51.7,76.53,0,0,450,608,138,568
589,589,51.7,76.57,0,0,451,609,138,569
590,590,51.61,76.44,0,0,451,609,139,571
591,591,51.69,76.48,0,0,452,611,139,571
592,592,51.6,76.35,0,0,452,611,140,573
593,593,51.6,76.39,0,0,453,612,140,574
594,594,51.6,76.43,0,0,454,613,140,575
595,595,51.51,76.3,0,0,454,613,141,577
596,596,51.51,76.34,0,0,455,614,141,578
597,597,51.51,76.38,0,0,456,615,141,579
598,598,51.51,76.42,0,0,457,616,141,580
599,599,51.42,76.29,0,0,457,616,142,582
600,600,51.33,76.17,0,0,457,616,143,584
601,601,51.25,76.04,0,0,457,616,144,586
602,602,51.25,76.08,0,0,458,617,144,587
603,603,51.24,76.12,0,0,459,618,144,588
604,604,51.16,75.99,0,0,459,618,145,590
605,605,51.24,76.03,0,0,460,620,145,590
606,606,51.32,76.07,0,0,461,622,145,590
607,607,51.4,76.11,0,0,462,624,145,590
608,608,51.48,76.15,0,0,463,626,145,590
609,609,51.4,76.03,0,0,463,626,146,592
610,610,51.39,76.07,0,0,464,627,146,593
611,611,51.31,75.94,0,0,464,627,147,595
612,612,51.23,75.82,0,0,464,627,148,597
613,613,51.22,75.86,0,0,465,628,148,598
614,614,51.14,75.73,0,0,465,628,149,600
615,615,51.06,75.61,0,0,465,628,150,602
616,616,50.97,75.49,0,0,465,628,151,604
617,617,50.97,75.53,0,0,466,629,151,605
618,618,50.89,75.4,0,0,466,629,152,607
619,619,50.81,75.28,0,0,466,629,153,609
620,620,50.89,75.32,0,0,467,631,153,609
621,621,50.97,75.36,0,0,468,633,153,609
622,622,50.88,75.24,0,0,468,633,154,611
623,623,50.8,75.12,0,0,468,633,155,613
624,624,50.88,75.16,0,0,469,635,155,613
625,625,50.8,75.04,0,0,469,635,156,615
626,626,50.8,75.08,0,0,470,636,156,616
627,627,50.8,75.12,0,0,471,637,156,617
628,628,50.8,75.16,0,0,472,638,156,618
629,629,50.79,75.2,0,0,473,639,156,619
630,630,50.71,75.08,0,0,473,639,157,621
631,631,50.71,75.12,0,0,474,640,157,622
632,632,50.63,75,0,0,474,640,158,624
633,633,50.55,74.88,0,0,474,640,159,626
634,634,50.63,74.92,0,0,475,642,159,626
635,635,50.71,74.96,0,0,476,644,159,626
636,636,50.71,75,0,0,477,645,159,627
637,637,50.63,74.88,0,0,477,645,160,629
638,638,50.63,74.92,0,0,478,646,160,630
639,639,50.55,74.8,0,0,478,646,161,632
640,640,50.55,74.84,0,0,479,647,161,633
641,641,50.55,74.88,0,0,480,648,161,634
642,642,50.47,74.77,0,0,480,648,162,636
643,643,50.47,74.81,0,0,481,649,162,637
644,644,50.47,74.84,0,0,482,650,162,638
645,645,50.47,74.88,0,0,483,651,162,639
646,646,50.46,74.92,0,0,484,652,162,640
647,647,50.46,74.96,0,0,485,653,162,641
648,648,50.46,75,0,0,486,654,162,642
649,649,50.39,74.88,0,0,486,654,163,644
650,650,50.38,74.92,0,0,487,655,163,645
651,651,50.31,74.81,0,0,487,655,164,647
652,652,50.23,74.69,0,0,487,655,165,649
653,653,50.31,74.73,0,0,488,657,165,649
654,654,50.31,74.77,0,0,489,658,165,650
655,655,50.31,74.81,0,0,490,659,165,651
656,656,50.3,74.85,0,0,491,660,165,652
657,657,50.38,74.89,0,0,492,662,165,652
658,658,50.3,74.77,0,0,492,662,166,654
659,659,50.23,74.66,0,0,492,662,167,656
660,660,50.23,74.7,0,0,493,663,167,657
661,661,50.15,74.58,0,0,493,663,168,659
662,662,50.23,74.62,0,0,494,665,168,659
663,663,50.15,74.51,0,0,494,665,169,661
664,664,50.08,74.4,0,0,494,665,170,663
665,665,50.08,74.44,0,0,495,666,170,664
666,666,50.15,74.47,0,0,496,668,170,664
667,667,50.07,74.36,0,0,496,668,171,666
668,668,50.15,74.4,0,0,497,670,171,666
669,669,50.07,74.29,0,0,497,670,172,668
670,670,50.07,74.33,0,0,498,671,172,669
671,671,50,74.22,0,0,498,671,173,671
672,672,49.93,74.11,0,0,498,671,174,673
673,673,49.85,74,0,0,498,671,175,675
674,674,49.78,73.89,0,0,498,671,176,677
675,675,49.7,73.78,0,0,498,671,177,679
676,676,49.63,73.67,0,0,498,671,178,681
677,677,49.56,73.56,0,0,498,671,179,683
678,678,49.63,73.6,0,0,499,673,179,683
679,679,49.63,73.64,0,0,500,674,179,684
680,680,49.56,73.53,0,0,500,674,180,686
681,681,49.49,73.42,0,0,500,674,181,688
682,682,49.41,73.31,0,0,500,674,182,690
683,683,49.41,73.35,0,0,501,675,182,691
684,684,49.34,73.25,0,0,501,675,183,693
685,685,49.34,73.28,0,0,502,676,183,694
686,686,49.34,73.32,0,0,503,677,183,695
687,687,49.27,73.22,0,0,503,677,184,697
688,688,49.27,73.26,0,0,504,678,184,698
689,689,49.27,73.29,0,0,505,679,184,699
690,690,49.28,73.33,0,0,506,680,184,700
691,691,49.28,73.37,0,0,507,681,184,701
692,692,49.21,73.27,0,0,507,681,185,703
693,693,49.28,73.3,0,0,508,683,185,703
694,694,49.35,73.34,0,0,509,685,185,703
695,695,49.28,73.24,0,0,509,685,186,705
696,696,49.28,73.28,0,0,510,686,186,706
697,697,49.21,73.17,0,0,510,686,187,708
698,698,49.21,73.21,0,0,511,687,187,709
699,699,49.21,73.25,0,0,512,688,187,710
700,700,49.21,73.29,0,0,513,689,187,711
701,701,49.22,73.32,0,0,514,690,187,712
702,702,49.22,73.36,0,0,515,691,187,713
703,703,49.15,73.26,0,0,515,691,188,715
704,704,49.15,73.3,0,0,516,692,188,716
705,705,49.08,73.19,0,0,516,692,189,718
706,706,49.08,73.23,0,0,517,693,189,719
707,707,49.15,73.27,0,0,518,695,189,719
708,708,49.15,73.31,0,0,519,696,189,720
709,709,49.15,73.34,0,0,520,697,189,721
710,710,49.15,73.38,0,0,521,698,189,722
711,711,49.16,73.42,0,0,522,699,189,723
712,712,49.23,73.46,0,0,523,701,189,723
713,713,49.3,73.49,0,0,524,703,189,723
714,714,49.23,73.39,0,0,524,703,190,725
715,715,49.16,73.29,0,0,524,703,191,727
716,716,49.16,73.32,0,0,525,704,191,728
717,717,49.23,73.36,0,0,526,706,191,728
718,718,49.23,73.4,0,0,527,707,191,729
719,719,49.24,73.44,0,0,528,708,191,730
720,720,49.24,73.47,0,0,529,709,191,731
721,721,49.31,73.51,0,0,530,711,191,731
722,722,49.31,73.55,0,0,531,712,191,732
723,723,49.38,73.58,0,0,532,714,191,732
724,724,49.31,73.48,0,0,532,714,192,734
725,725,49.24,73.38,0,0,532,714,193,736
726,726,49.31,73.42,0,0,533,716,193,736
727,727,49.31,73.45,0,0,534,717,193,737
728,728,49.38,73.49,0,0,535,719,193,737
729,729,49.38,73.53,0,0,536,720,193,738
730,730,49.32,73.42,0,0,536,720,194,740
731,731,49.38,73.46,0,0,537,722,194,740
732,732,49.45,73.5,0,0,538,724,194,740
733,733,49.39,73.4,0,0,538,724,195,742
734,734,49.46,73.43,0,0,539,726,195,742
735,735,49.52,73.47,0,0,540,728,195,742
736,736,49.59,73.51,0,0,541,730,195,742
737,737,49.59,73.54,0,0,542,731,195,743
738,738,49.53,73.44,0,0,542,731,196,745
739,739,49.53,73.48,0,0,543,732,196,746
740,740,49.46,73.38,0,0,543,732,197,748
741,741,49.39,73.28,0,0,543,732,198,750
742,742,49.39,73.32,0,0,544,733,198,751
743,743,49.39,73.35,0,0,545,734,198,752
744,744,49.33,73.25,0,0,545,734,199,754
745,745,49.4,73.29,0,0,546,736,199,754
746,746,49.4,73.32,0,0,547,737,199,755
747,747,49.33,73.23,0,0,547,737,200,757
748,748,49.33,73.26,0,0,548,738,200,758
749,749,49.33,73.3,0,0,549,739,200,759
750,750,49.27,73.2,0,0,549,739,201,761
751,751,49.2,73.1,0,0,549,739,202,763
752,752,49.2,73.14,0,0,550,740,202,764
753,753,49.14,73.04,0,0,550,740,203,766
754,754,49.07,72.94,0,0,550,740,204,768
755,755,49.14,72.98,0,0,551,742,204,768
756,756,49.14,73.02,0,0,552,743,204,769
757,757,49.08,72.92,0,0,552,743,205,771
758,758,49.08,72.96,0,0,553,744,205,772
759,759,49.08,72.99,0,0,554,745,205,773
760,760,49.01,72.89,0,0,554,745,206,775
761,761,49.08,72.93,0,0,555,747,206,775
762,762,49.15,72.97,0,0,556,749,206,775
763,763,49.15,73,0,0,557,750,206,776
764,764,49.15,73.04,0,0,558,751,206,777
765,765,49.08,72.94,0,0,558,751,207,779
766,766,49.15,72.98,0,0,559,753,207,779
767,767,49.09,72.88,0,0,559,753,208,781
768,768,49.02,72.79,0,0,559,753,209,783
769,769,49.02,72.82,0,0,560,754,209,784
770,770,49.09,72.86,0,0,561,756,209,784
771,771,49.03,72.76,0,0,561,756,210,786
772,772,48.96,72.67,0,0,561,756,211,788
773,773,49.03,72.7,0,0,562,758,211,788
774,774,49.03,72.74,0,0,563,759,211,789
775,775,49.1,72.77,0,0,564,761,211,789
776,776,49.03,72.68,0,0,564,761,212,791
777,777,49.03,72.72,0,0,565,762,212,792
778,778,49.04,72.75,0,0,566,763,212,793
779,779,49.04,72.79,0,0,567,764,212,794
780,780,49.04,72.82,0,0,568,765,212,795
781,781,49.04,72.86,0,0,569,766,212,796
782,782,49.1,72.89,0,0,570,768,212,796
783,783,49.11,72.92,0,0,571,769,212,797
784,784,49.11,72.96,0,0,572,770,212,798
785,785,49.11,72.99,0,0,573,771,212,799
786,786,49.05,72.9,0,0,573,771,213,801
787,787,49.11,72.94,0,0,574,773,213,801
788,788,49.11,72.97,0,0,575,774,213,802
789,789,49.11,73,0,0,576,775,213,803
790,790,49.05,72.91,0,0,576,775,214,805
791,791,49.12,72.95,0,0,577,777,214,805
792,792,49.05,72.85,0,0,577,777,215,807
793,793,48.99,72.76,0,0,577,777,216,809
794,794,49.06,72.8,0,0,578,779,216,809
795,795,48.99,72.7,0,0,578,779,217,811
796,796,48.93,72.61,0,0,578,779,218,813
797,797,49,72.65,0,0,579,781,218,813
798,798,49,72.68,0,0,580,782,218,814
799,799,49.06,72.72,0,0,581,784,218,814
800,800,49.06,72.75,0,0,582,785,218,815
801,801,49.06,72.78,0,0,583,786,218,816
802,802,49.13,72.82,0,0,584,788,218,816
803,803,49.07,72.73,0,0,584,788,219,818
804,804,49.07,72.76,0,0,585,789,219,819
805,805,49.07,72.8,0,0,586,790,219,820
806,806,49.07,72.83,0,0,587,791,219,821
807,807,49.07,72.86,0,0,588,792,219,822
808,808,49.07,72.9,0,0,589,793,219,823
809,809,49.01,72.81,0,0,589,793,220,825
810,810,49.01,72.84,0,0,590,794,220,826
811,811,48.95,72.75,0,0,590,794,221,828
812,812,48.89,72.66,0,0,590,794,222,830
813,813,48.83,72.57,0,0,590,794,223,832
814,814,48.83,72.6,0,0,591,795,223,833
815,815,48.77,72.52,0,0,591,795,224,835
816,816,48.77,72.55,0,0,592,796,224,836
817,817,48.71,72.46,0,0,592,796,225,838
818,818,48.66,72.37,0,0,592,796,226,840
819,819,48.6,72.28,0,0,592,796,227,842
820,820,48.6,72.32,0,0,593,797,227,843
821,821,48.6,72.35,0,0,594,798,227,844
822,822,48.6,72.38,0,0,595,799,227,845
823,823,48.66,72.42,0,0,596,801,227,845
824,824,48.67,72.45,0,0,597,802,227,846
825,825,48.61,72.36,0,0,597,802,228,848
826,826,48.61,72.4,0,0,598,803,228,849
827,827,48.55,72.31,0,0,598,803,229,851
828,828,48.61,72.34,0,0,599,805,229,851
829,829,48.55,72.26,0,0,599,805,230,853
830,830,48.49,72.17,0,0,599,805,231,855
831,831,48.5,72.2,0,0,600,806,231,856
832,832,48.5,72.24,0,0,601,807,231,857
833,833,48.5,72.27,0,0,602,808,231,858
834,834,48.5,72.3,0,0,603,809,231,859
835,835,48.44,72.22,0,0,603,809,232,861
836,836,48.39,72.13,0,0,603,809,233,863
837,837,48.39,72.16,0,0,604,810,233,864
838,838,48.45,72.2,0,0,605,812,233,864
839,839,48.39,72.11,0,0,605,812,234,866
840,840,48.33,72.02,0,0,605,812,235,868
841,841,48.28,71.94,0,0,605,812,236,870
842,842,48.34,71.97,0,0,606,814,236,870
843,843,48.28,71.89,0,0,606,814,237,872
844,844,48.22,71.8,0,0,606,814,238,874
845,845,48.22,71.83,0,0,607,815,238,875
846,846,48.29,71.87,0,0,608,817,238,875
847,847,48.35,71.9,0,0,609,819,238,875
848,848,48.35,71.93,0,0,610,820,238,876
849,849,48.29,71.85,0,0,610,820,239,878
850,850,48.35,71.88,0,0,611,822,239,878
851,851,48.3,71.8,0,0,611,822,240,880
852,852,48.24,71.71,0,0,611,822,241,882
853,853,48.18,71.63,0,0,611,822,242,884
854,854,48.13,71.55,0,0,611,822,243,886
855,855,48.13,71.58,0,0,612,823,243,887
856,856,48.07,71.5,0,0,612,823,244,889
857,857,48.02,71.41,0,0,612,823,245,891
858,858,47.96,71.33,0,0,612,823,246,893
859,859,47.96,71.36,0,0,613,824,246,894
860,860,47.97,71.4,0,0,614,825,246,895
861,861,47.97,71.43,0,0,615,826,246,896
862,862,47.91,71.35,0,0,615,826,247,898
863,863,47.91,71.38,0,0,616,827,247,899
864,864,47.86,71.3,0,0,616,827,248,901
865,865,47.86,71.33,0,0,617,828,248,902
866,866,47.92,71.36,0,0,618,830,248,902
867,867,47.87,71.28,0,0,618,830,249,904
868,868,47.87,71.31,0,0,619,831,249,905
869,869,47.93,71.35,0,0,620,833,249,905
870,870,47.87,71.26,0,0,620,833,250,907
871,871,47.88,71.3,0,0,621,834,250,908
872,872,47.88,71.33,0,0,622,835,250,909
873,873,47.82,71.25,0,0,622,835,251,911
874,874,47.77,71.17,0,0,622,835,252,913
875,875,47.77,71.2,0,0,623,836,252,914
876,876,47.72,71.12,0,0,623,836,253,916
877,877,47.66,71.04,0,0,623,836,254,918
878,878,47.67,71.07,0,0,624,837,254,919
879,879,47.67,71.1,0,0,625,838,254,920
880,880,47.73,71.14,0,0,626,840,254,920
881,881,47.73,71.17,0,0,627,841,254,921
882,882,47.73,71.2,0,0,628,842,254,922
883,883,47.68,71.12,0,0,628,842,255,924
884,884,47.62,71.04,0,0,628,842,256,926
885,885,47.68,71.07,0,0,629,844,256,926
886,886,47.63,70.99,0,0,629,844,257,928
887,887,47.58,70.91,0,0,629,844,258,930
888,888,47.58,70.95,0,0,630,845,258,931
889,889,47.53,70.87,0,0,630,845,259,933
890,890,47.53,70.9,0,0,631,846,259,934
891,891,47.53,70.93,0,0,632,847,259,935
892,892,47.59,70.96,0,0,633,849,259,935
893,893,47.54,70.88,0,0,633,849,260,937
894,894,47.48,70.81,0,0,633,849,261,939
895,895,47.49,70.84,0,0,634,850,261,940
896,896,47.49,70.87,0,0,635,851,261,941
897,897,47.55,70.9,0,0,636,853,261,941
898,898,47.55,70.94,0,0,637,854,261,942
899,899,47.5,70.86,0,0,637,854,262,944
900,900,47.56,70.89,0,0,638,856,262,944
901,901,47.56,70.92,0,0,639,857,262,945
902,902,47.56,70.95,0,0,640,858,262,946
903,903,47.51,70.87,0,0,640,858,263,948
904,904,47.46,70.8,0,0,640,858,264,950
905,905,47.4,70.72,0,0,640,858,265,952
906,906,47.46,70.75,0,0,641,860,265,952
907,907,47.41,70.67,0,0,641,860,266,954
908,908,47.41,70.7,0,0,642,861,266,955
909,909,47.36,70.63,0,0,642,861,267,957
910,910,47.36,70.66,0,0,643,862,267,958
911,911,47.31,70.58,0,0,643,862,268,960
912,912,47.31,70.61,0,0,644,863,268,961
913,913,47.32,70.65,0,0,645,864,268,962
914,914,47.32,70.68,0,0,646,865,268,963
915,915,47.32,70.71,0,0,647,866,268,964
916,916,47.33,70.74,0,0,648,867,268,965
917,917,47.33,70.77,0,0,649,868,268,966
918,918,47.39,70.81,0,0,650,870,268,966
919,919,47.39,70.84,0,0,651,871,268,967
920,920,47.39,70.87,0,0,652,872,268,968
921,921,47.34,70.79,0,0,652,872,269,970
922,922,47.34,70.82,0,0,653,873,269,971
923,923,47.29,70.75,0,0,653,873,270,973
924,924,47.29,70.78,0,0,654,874,270,974
925,925,47.35,70.81,0,0,655,876,270,974
926,926,47.35,70.84,0,0,656,877,270,975
927,927,47.41,70.87,0,0,657,879,270,975
928,928,47.36,70.8,0,0,657,879,271,977
929,929,47.31,70.72,0,0,657,879,272,979
930,930,47.31,70.75,0,0,658,880,272,980
931,931,47.31,70.78,0,0,659,881,272,981
932,932,47.37,70.82,0,0,660,883,272,981
933,933,47.43,70.85,0,0,661,885,272,981
934,934,47.38,70.77,0,0,661,885,273,983
935,935,47.38,70.8,0,0,662,886,273,984
936,936,47.33,70.73,0,0,662,886,274,986
937,937,47.28,70.65,0,0,662,886,275,988
938,938,47.23,70.58,0,0,662,886,276,990
939,939,47.23,70.61,0,0,663,887,276,991
940,940,47.18,70.53,0,0,663,887,277,993
941,941,47.18,70.56,0,0,664,888,277,994
942,942,47.19,70.59,0,0,665,889,277,995
943,943,47.14,70.52,0,0,665,889,278,997
944,944,47.09,70.44,0,0,665,889,279,999
945,945,47.09,70.48,0,0,666,890,279,1000
946,946,47.15,70.51,0,0,667,892,279,1000
947,947,47.1,70.43,0,0,667,892,280,1002
948,948,47.05,70.36,0,0,667,892,281,1004
949,949,47.05,70.39,0,0,668,893,281,1005
950,950,47,70.32,0,0,668,893,282,1007
951,951,47,70.35,0,0,669,894,282,1008
952,952,46.95,70.27,0,0,669,894,283,1010
953,953,47.01,70.3,0,0,670,896,283,1010
954,954,47.06,70.34,0,0,671,898,283,1010
955,955,47.02,70.26,0,0,671,898,284,1012
956,956,47.02,70.29,0,0,672,899,284,1013
957,957,46.97,70.22,0,0,672,899,285,1015
958,958,47.03,70.25,0,0,673,901,285,1015
959,959,47.08,70.28,0,0,674,903,285,1015
960,960,47.08,70.31,0,0,675,904,285,1016
961,961,47.03,70.24,0,0,675,904,286,1018
962,962,46.99,70.17,0,0,675,904,287,1020
963,963,46.94,70.09,0,0,675,904,288,1022
964,964,46.89,70.02,0,0,675,904,289,1024
965,965,46.84,69.95,0,0,675,904,290,1026
966,966,46.84,69.98,0,0,676,905,290,1027
967,967,46.9,70.01,0,0,677,907,290,1027
968,968,46.85,69.94,0,0,677,907,291,1029
969,969,46.85,69.97,0,0,678,908,291,1030
970,970,46.8,69.9,0,0,678,908,292,1032
971,971,46.81,69.93,0,0,679,909,292,1033
972,972,46.86,69.96,0,0,680,911,292,1033
973,973,46.81,69.89,0,0,680,911,293,1035
974,974,46.87,69.92,0,0,681,913,293,1035
975,975,46.87,69.95,0,0,682,914,293,1036
976,976,46.93,69.98,0,0,683,916,293,1036
977,977,46.93,70.01,0,0,684,917,293,1037
978,978,46.93,70.04,0,0,685,918,293,1038
979,979,46.88,69.97,0,0,685,918,294,1040
980,980,46.89,70,0,0,686,919,294,1041
981,981,46.89,70.03,0,0,687,920,294,1042
982,982,46.89,70.06,0,0,688,921,294,1043
983,983,46.9,70.09,0,0,689,922,294,1044
984,984,46.9,70.12,0,0,690,923,294,1045
985,985,46.95,70.15,0,0,691,925,294,1045
986,986,46.91,70.08,0,0,691,925,295,1047
987,987,46.86,70.01,0,0,691,925,296,1049
988,988,46.81,69.94,0,0,691,925,297,1051
989,989,46.81,69.97,0,0,692,926,297,1052
990,990,46.82,70,0,0,693,927,297,1053
991,991,46.77,69.93,0,0,693,927,298,1055
992,992,46.77,69.96,0,0,694,928,298,1056
993,993,46.78,69.99,0,0,695,929,298,1057
994,994,46.83,70.02,0,0,696,931,298,1057
995,995,46.83,70.05,0,0,697,932,298,1058
996,996,46.84,70.08,0,0,698,933,298,1059
997,997,46.79,70.01,0,0,698,933,299,1061
998,998,46.74,69.94,0,0,698,933,300,1063
999,999,46.7,69.87,0,0,698,933,301,1065
1000,1000,46.65,69.8,0,0,698,933,302,1067
1001,1001,46.65,69.83,0,0,699,934,302,1068
1002,1002,46.71,69.86,0,0,700,936,302,1068
1003,1003,46.66,69.79,0,0,700,936,303,1070
1004,1004,46.66,69.82,0,0,701,937,303,1071
1005,1005,46.62,69.75,0,0,701,937,304,1073
1006,1006,46.67,69.78,0,0,702,939,304,1073
1007,1007,46.67,69.81,0,0,703,940,304,1074
1008,1008,46.73,69.84,0,0,704,942,304,1074
1009,1009,46.73,69.87,0,0,705,943,304,1075
1010,1010,46.78,69.9,0,0,706,945,304,1075
1011,1011,46.74,69.83,0,0,706,945,305,1077
1012,1012,46.74,69.86,0,0,707,946,305,1078
1013,1013,46.69,69.79,0,0,707,946,306,1080
1014,1014,46.65,69.72,0,0,707,946,307,1082
1015,1015,46.65,69.75,0,0,708,947,307,1083
1016,1016,46.7,69.78,0,0,709,949,307,1083
1017,1017,46.66,69.71,0,0,709,949,308,1085
1018,1018,46.66,69.74,0,0,710,950,308,1086
1019,1019,46.66,69.77,0,0,711,951,308,1087
1020,1020,46.67,69.8,0,0,712,952,308,1088
1021,1021,46.62,69.74,0,0,712,952,309,1090
1022,1022,46.58,69.67,0,0,712,952,310,1092
1023,1023,46.58,69.7,0,0,713,953,310,1093
1024,1024,46.53,69.63,0,0,713,953,311,1095
1025,1025,46.59,69.66,0,0,714,955,311,1095
1026,1026,46.54,69.59,0,0,714,955,312,1097
1027,1027,46.54,69.62,0,0,715,956,312,1098
1028,1028,46.5,69.55,0,0,715,956,313,1100
1029,1029,46.45,69.48,0,0,715,956,314,1102
1030,1030,46.41,69.42,0,0,715,956,315,1104
1031,1031,46.36,69.35,0,0,715,956,316,1106
1032,1032,46.32,69.28,0,0,715,956,317,1108
1033,1033,46.27,69.22,0,0,715,956,318,1110
1034,1034,46.28,69.25,0,0,716,957,318,1111
1035,1035,46.28,69.28,0,0,717,958,318,1112
1036,1036,46.33,69.31,0,0,718,960,318,1112
1037,1037,46.29,69.24,0,0,718,960,319,1114
1038,1038,46.24,69.17,0,0,718,960,320,1116
1039,1039,46.29,69.2,0,0,719,962,320,1116
1040,1040,46.35,69.23,0,0,720,964,320,1116
1041,1041,46.3,69.16,0,0,720,964,321,1118
1042,1042,46.31,69.19,0,0,721,965,321,1119
1043,1043,46.36,69.22,0,0,722,967,321,1119
1044,1044,46.36,69.25,0,0,723,968,321,1120
1045,1045,46.36,69.28,0,0,724,969,321,1121
1046,1046,46.37,69.31,0,0,725,970,321,1122
1047,1047,46.32,69.25,0,0,725,970,322,1124
1048,1048,46.28,69.18,0,0,725,970,323,1126
1049,1049,46.28,69.21,0,0,726,971,323,1127
1050,1050,46.29,69.24,0,0,727,972,323,1128
1051,1051,46.29,69.27,0,0,728,973,323,1129
1052,1052,46.29,69.3,0,0,729,974,323,1130
1053,1053,46.3,69.33,0,0,730,975,323,1131
1054,1054,46.25,69.26,0,0,730,975,324,1133
1055,1055,46.26,69.29,0,0,731,976,324,1134
1056,1056,46.31,69.32,0,0,732,978,324,1134
1057,1057,46.26,69.25,0,0,732,978,325,1136
1058,1058,46.27,69.28,0,0,733,979,325,1137
1059,1059,46.27,69.31,0,0,734,980,325,1138
1060,1060,46.32,69.34,0,0,735,982,325,1138
1061,1061,46.32,69.37,0,0,736,983,325,1139
1062,1062,46.28,69.3,0,0,736,983,326,1141
1063,1063,46.33,69.33,0,0,737,985,326,1141
1064,1064,46.29,69.27,0,0,737,985,327,1143
1065,1065,46.24,69.2,0,0,737,985,328,1145
1066,1066,46.29,69.23,0,0,738,987,328,1145
1067,1067,46.3,69.26,0,0,739,988,328,1146
1068,1068,46.35,69.29,0,0,740,990,328,1146
1069,1069,46.35,69.32,0,0,741,991,328,1147
1070,1070,46.31,69.25,0,0,741,991,329,1149
1071,1071,46.31,69.28,0,0,742,992,329,1150
1072,1072,46.32,69.31,0,0,743,993,329,1151
1073,1073,46.32,69.34,0,0,744,994,329,1152
1074,1074,46.28,69.27,0,0,744,994,330,1154
1075,1075,46.28,69.3,0,0,745,995,330,1155
1076,1076,46.33,69.33,0,0,746,997,330,1155
1077,1077,46.33,69.36,0,0,747,998,330,1156
1078,1078,46.29,69.29,0,0,747,998,331,1158
1079,1079,46.34,69.32,0,0,748,1000,331,1158
1080,1080,46.34,69.35,0,0,749,1001,331,1159
1081,1081,46.3,69.29,0,0,749,1001,332,1161
1082,1082,46.3,69.32,0,0,750,1002,332,1162
1083,1083,46.31,69.34,0,0,751,1003,332,1163
1084,1084,46.31,69.37,0,0,752,1004,332,1164
1085,1085,46.31,69.4,0,0,753,1005,332,1165
1086,1086,46.32,69.43,0,0,754,1006,332,1166
1087,1087,46.37,69.46,0,0,755,1008,332,1166
1088,1088,46.42,69.49,0,0,756,1010,332,1166
1089,1089,46.42,69.51,0,0,757,1011,332,1167
1090,1090,46.42,69.54,0,0,758,1012,332,1168
1091,1091,46.43,69.57,0,0,759,1013,332,1169
1092,1092,46.43,69.6,0,0,760,1014,332,1170
1093,1093,46.48,69.62,0,0,761,1016,332,1170
1094,1094,46.44,69.56,0,0,761,1016,333,1172
1095,1095,46.48,69.59,0,0,762,1018,333,1172
1096,1096,46.49,69.62,0,0,763,1019,333,1173
1097,1097,46.49,69.64,0,0,764,1020,333,1174
1098,1098,46.49,69.67,0,0,765,1021,333,1175
1099,1099,46.54,69.7,0,0,766,1023,333,1175
1100,1100,46.59,69.73,0,0,767,1025,333,1175
1101,1101,46.64,69.75,0,0,768,1027,333,1175
1102,1102,46.6,69.69,0,0,768,1027,334,1177
1103,1103,46.6,69.72,0,0,769,1028,334,1178
1104,1104,46.56,69.66,0,0,769,1028,335,1180
1105,1105,46.56,69.68,0,0,770,1029,335,1181
1106,1106,46.56,69.71,0,0,771,1030,335,1182
1107,1107,46.57,69.74,0,0,772,1031,335,1183
1108,1108,46.57,69.77,0,0,773,1032,335,1184
1109,1109,46.62,69.79,0,0,774,1034,335,1184
1110,1110,46.58,69.73,0,0,774,1034,336,1186
1111,1111,46.53,69.67,0,0,774,1034,337,1188
1112,1112,46.58,69.69,0,0,775,1036,337,1188
1113,1113,46.59,69.72,0,0,776,1037,337,1189
1114,1114,46.54,69.66,0,0,776,1037,338,1191
1115,1115,46.5,69.6,0,0,776,1037,339,1193
1116,1116,46.46,69.53,0,0,776,1037,340,1195
1117,1117,46.42,69.47,0,0,776,1037,341,1197
1118,1118,46.38,69.41,0,0,776,1037,342,1199
1119,1119,46.38,69.44,0,0,777,1038,342,1200
1120,1120,46.34,69.38,0,0,777,1038,343,1202
1121,1121,46.34,69.4,0,0,778,1039,343,1203
1122,1122,46.3,69.34,0,0,778,1039,344,1205
1123,1123,46.35,69.37,0,0,779,1041,344,1205
1124,1124,46.35,69.4,0,0,780,1042,344,1206
1125,1125,46.36,69.42,0,0,781,1043,344,1207
1126,1126,46.31,69.36,0,0,781,1043,345,1209
1127,1127,46.32,69.39,0,0,782,1044,345,1210
1128,1128,46.32,69.41,0,0,783,1045,345,1211
1129,1129,46.32,69.44,0,0,784,1046,345,1212
1130,1130,46.33,69.47,0,0,785,1047,345,1213
1131,1131,46.29,69.41,0,0,785,1047,346,1215
1132,1132,46.33,69.43,0,0,786,1049,346,1215
1133,1133,46.29,69.37,0,0,786,1049,347,1217
1134,1134,46.3,69.4,0,0,787,1050,347,1218
1135,1135,46.26,69.34,0,0,787,1050,348,1220
1136,1136,46.21,69.28,0,0,787,1050,349,1222
1137,1137,46.22,69.31,0,0,788,1051,349,1223
1138,1138,46.22,69.33,0,0,789,1052,349,1224
1139,1139,46.22,69.36,0,0,790,1053,349,1225
1140,1140,46.18,69.3,0,0,790,1053,350,1227
1141,1141,46.23,69.33,0,0,791,1055,350,1227
1142,1142,46.19,69.26,0,0,791,1055,351,1229
1143,1143,46.19,69.29,0,0,792,1056,351,1230
1144,1144,46.2,69.32,0,0,793,1057,351,1231
1145,1145,46.16,69.26,0,0,793,1057,352,1233
1146,1146,46.12,69.2,0,0,793,1057,353,1235
1147,1147,46.16,69.22,0,0,794,1059,353,1235
1148,1148,46.12,69.16,0,0,794,1059,354,1237
1149,1149,46.08,69.1,0,0,794,1059,355,1239
1150,1150,46.04,69.04,0,0,794,1059,356,1241
1151,1151,46,68.98,0,0,794,1059,357,1243
1152,1152,45.96,68.92,0,0,794,1059,358,1245
1153,1153,45.97,68.95,0,0,795,1060,358,1246
1154,1154,46.01,68.98,0,0,796,1062,358,1246
1155,1155,46.06,69,0,0,797,1064,358,1246
1156,1156,46.02,68.94,0,0,797,1064,359,1248
1157,1157,45.98,68.89,0,0,797,1064,360,1250
1158,1158,46.03,68.91,0,0,798,1066,360,1250
1159,1159,46.03,68.94,0,0,799,1067,360,1251
1160,1160,45.99,68.88,0,0,799,1067,361,1253
1161,1161,45.95,68.82,0,0,799,1067,362,1255
1162,1162,45.96,68.85,0,0,800,1068,362,1256
1163,1163,45.92,68.79,0,0,800,1068,363,1258
1164,1164,45.92,68.81,0,0,801,1069,363,1259
1165,1165,45.92,68.84,0,0,802,1070,363,1260
1166,1166,45.97,68.87,0,0,803,1072,363,1260
1167,1167,45.93,68.81,0,0,803,1072,364,1262
1168,1168,45.93,68.84,0,0,804,1073,364,1263
1169,1169,45.89,68.78,0,0,804,1073,365,1265
1170,1170,45.85,68.72,0,0,804,1073,366,1267
1171,1171,45.9,68.74,0,0,805,1075,366,1267
1172,1172,45.9,68.77,0,0,806,1076,366,1268
1173,1173,45.87,68.71,0,0,806,1076,367,1270
1174,1174,45.87,68.74,0,0,807,1077,367,1271
1175,1175,45.83,68.68,0,0,807,1077,368,1273
1176,1176,45.88,68.71,0,0,808,1079,368,1273
1177,1177,45.84,68.65,0,0,808,1079,369,1275
1178,1178,45.84,68.68,0,0,809,1080,369,1276
1179,1179,45.84,68.7,0,0,810,1081,369,1277
1180,1180,45.81,68.64,0,0,810,1081,370,1279
1181,1181,45.81,68.67,0,0,811,1082,370,1280
1182,1182,45.81,68.7,0,0,812,1083,370,1281
1183,1183,45.77,68.64,0,0,812,1083,371,1283
1184,1184,45.73,68.58,0,0,812,1083,372,1285
1185,1185,45.74,68.61,0,0,813,1084,372,1286
1186,1186,45.74,68.63,0,0,814,1085,372,1287
1187,1187,45.75,68.66,0,0,815,1086,372,1288
1188,1188,45.71,68.6,0,0,815,1086,373,1290
1189,1189,45.67,68.54,0,0,815,1086,374,1292
1190,1190,45.67,68.57,0,0,816,1087,374,1293
1191,1191,45.63,68.51,0,0,816,1087,375,1295
1192,1192,45.68,68.54,0,0,817,1089,375,1295
1193,1193,45.64,68.48,0,0,817,1089,376,1297
1194,1194,45.64,68.51,0,0,818,1090,376,1298
1195,1195,45.61,68.45,0,0,818,1090,377,1300
1196,1196,45.65,68.48,0,0,819,1092,377,1300
1197,1197,45.66,68.5,0,0,820,1093,377,1301
1198,1198,45.7,68.53,0,0,821,1095,377,1301
1199,1199,45.66,68.47,0,0,821,1095,378,1303
1200,1200,45.71,68.5,0,0,822,1097,378,1303
1201,1201,45.67,68.44,0,0,822,1097,379,1305
1202,1202,45.67,68.47,0,0,823,1098,379,1306
1203,1203,45.64,68.41,0,0,823,1098,380,1308
1204,1204,45.6,68.36,0,0,823,1098,381,1310
1205,1205,45.64,68.38,0,0,824,1100,381,1310
1206,1206,45.69,68.41,0,0,825,1102,381,1310
1207,1207,45.69,68.43,0,0,826,1103,381,1311
1208,1208,45.7,68.46,0,0,827,1104,381,1312
1209,1209,45.7,68.49,0,0,828,1105,381,1313
1210,1210,45.7,68.51,0,0,829,1106,381,1314
1211,1211,45.71,68.54,0,0,830,1107,381,1315
1212,1212,45.67,68.48,0,0,830,1107,382,1317
1213,1213,45.71,68.51,0,0,831,1109,382,1317
1214,1214,45.72,68.53,0,0,832,1110,382,1318
1215,1215,45.68,68.48,0,0,832,1110,383,1320
1216,1216,45.68,68.5,0,0,833,1111,383,1321
1217,1217,45.69,68.53,0,0,834,1112,383,1322
1218,1218,45.65,68.47,0,0,834,1112,384,1324
1219,1219,45.65,68.5,0,0,835,1113,384,1325
1220,1220,45.7,68.52,0,0,836,1115,384,1325
1221,1221,45.7,68.55,0,0,837,1116,384,1326
1222,1222,45.7,68.58,0,0,838,1117,384,1327
1223,1223,45.67,68.52,0,0,838,1117,385,1329
1224,1224,45.67,68.55,0,0,839,1118,385,1330
1225,1225,45.67,68.57,0,0,840,1119,385,1331
1226,1226,45.68,68.6,0,0,841,1120,385,1332
1227,1227,45.72,68.62,0,0,842,1122,385,1332
1228,1228,45.77,68.65,0,0,843,1124,385,1332
1229,1229,45.73,68.59,0,0,843,1124,386,1334
1230,1230,45.69,68.54,0,0,843,1124,387,1336
1231,1231,45.69,68.56,0,0,844,1125,387,1337
1232,1232,45.7,68.59,0,0,845,1126,387,1338
1233,1233,45.7,68.61,0,0,846,1127,387,1339
1234,1234,45.71,68.64,0,0,847,1128,387,1340
1235,1235,45.67,68.58,0,0,847,1128,388,1342
1236,1236,45.63,68.53,0,0,847,1128,389,1344
1237,1237,45.68,68.55,0,0,848,1130,389,1344
1238,1238,45.64,68.5,0,0,848,1130,390,1346
1239,1239,45.6,68.44,0,0,848,1130,391,1348
1240,1240,45.6,68.47,0,0,849,1131,391,1349
1241,1241,45.57,68.41,0,0,849,1131,392,1351
1242,1242,45.53,68.36,0,0,849,1131,393,1353
1243,1243,45.49,68.3,0,0,849,1131,394,1355
1244,1244,45.54,68.33,0,0,850,1133,394,1355
1245,1245,45.58,68.35,0,0,851,1135,394,1355
1246,1246,45.59,68.38,0,0,852,1136,394,1356
1247,1247,45.63,68.4,0,0,853,1138,394,1356
1248,1248,45.63,68.43,0,0,854,1139,394,1357
1249,1249,45.64,68.45,0,0,855,1140,394,1358
1250,1250,45.6,68.4,0,0,855,1140,395,1360
1251,1251,45.64,68.43,0,0,856,1142,395,1360
1252,1252,45.61,68.37,0,0,856,1142,396,1362
1253,1253,45.61,68.4,0,0,857,1143,396,1363
1254,1254,45.61,68.42,0,0,858,1144,396,1364
1255,1255,45.62,68.45,0,0,859,1145,396,1365
1256,1256,45.62,68.47,0,0,860,1146,396,1366
1257,1257,45.66,68.5,0,0,861,1148,396,1366
1258,1258,45.71,68.52,0,0,862,1150,396,1366
1259,1259,45.67,68.47,0,0,862,1150,397,1368
1260,1260,45.63,68.41,0,0,862,1150,398,1370
1261,1261,45.6,68.36,0,0,862,1150,399,1372
1262,1262,45.6,68.38,0,0,863,1151,399,1373
1263,1263,45.57,68.33,0,0,863,1151,400,1375
1264,1264,45.57,68.35,0,0,864,1152,400,1376
1265,1265,45.57,68.38,0,0,865,1153,400,1377
1266,1266,45.58,68.4,0,0,866,1154,400,1378
1267,1267,45.58,68.43,0,0,867,1155,400,1379
1268,1268,45.54,68.38,0,0,867,1155,401,1381
1269,1269,45.55,68.4,0,0,868,1156,401,1382
1270,1270,45.59,68.43,0,0,869,1158,401,1382
1271,1271,45.55,68.37,0,0,869,1158,402,1384
1272,1272,45.56,68.4,0,0,870,1159,402,1385
1273,1273,45.56,68.42,0,0,871,1160,402,1386
1274,1274,45.53,68.37,0,0,871,1160,403,1388
1275,1275,45.49,68.31,0,0,871,1160,404,1390
1276,1276,45.49,68.34,0,0,872,1161,404,1391
1277,1277,45.46,68.29,0,0,872,1161,405,1393
1278,1278,45.42,68.23,0,0,872,1161,406,1395
1279,1279,45.39,68.18,0,0,872,1161,407,1397
1280,1280,45.39,68.2,0,0,873,1162,407,1398
1281,1281,45.36,68.15,0,0,873,1162,408,1400
1282,1282,45.32,68.1,0,0,873,1162,409,1402
1283,1283,45.28,68.04,0,0,873,1162,410,1404
1284,1284,45.25,67.99,0,0,873,1162,411,1406
1285,1285,45.25,68.02,0,0,874,1163,411,1407
1286,1286,45.26,68.04,0,0,875,1164,411,1408
1287,1287,45.22,67.99,0,0,875,1164,412,1410
1288,1288,45.23,68.01,0,0,876,1165,412,1411
1289,1289,45.27,68.04,0,0,877,1167,412,1411
1290,1290,45.23,67.98,0,0,877,1167,413,1413
1291,1291,45.24,68.01,0,0,878,1168,413,1414
1292,1292,45.28,68.03,0,0,879,1170,413,1414
1293,1293,45.28,68.06,0,0,880,1171,413,1415
1294,1294,45.29,68.08,0,0,881,1172,413,1416
1295,1295,45.29,68.11,0,0,882,1173,413,1417
1296,1296,45.33,68.13,0,0,883,1175,413,1417
1297,1297,45.3,68.08,0,0,883,1175,414,1419
1298,1298,45.26,68.03,0,0,883,1175,415,1421
1299,1299,45.23,67.98,0,0,883,1175,416,1423
1300,1300,45.27,68,0,0,884,1177,416,1423
1301,1301,45.27,68.02,0,0,885,1178,416,1424
1302,1302,45.24,67.97,0,0,885,1178,417,1426
1303,1303,45.2,67.92,0,0,885,1178,418,1428
1304,1304,45.21,67.94,0,0,886,1179,418,1429
1305,1305,45.25,67.97,0,0,887,1181,418,1429
1306,1306,45.25,67.99,0,0,888,1182,418,1430
1307,1307,45.26,68.02,0,0,889,1183,418,1431
1308,1308,45.22,67.97,0,0,889,1183,419,1433
1309,1309,45.19,67.91,0,0,889,1183,420,1435
1310,1310,45.19,67.94,0,0,890,1184,420,1436
1311,1311,45.16,67.89,0,0,890,1184,421,1438
1312,1312,45.16,67.91,0,0,891,1185,421,1439
1313,1313,45.13,67.86,0,0,891,1185,422,1441
1314,1314,45.09,67.81,0,0,891,1185,423,1443
1315,1315,45.13,67.83,0,0,892,1187,423,1443
1316,1316,45.1,67.78,0,0,892,1187,424,1445
1317,1317,45.1,67.81,0,0,893,1188,424,1446
1318,1318,45.07,67.75,0,0,893,1188,425,1448
1319,1319,45.03,67.7,0,0,893,1188,426,1450
1320,1320,45,67.65,0,0,893,1188,427,1452
1321,1321,44.97,67.6,0,0,893,1188,428,1454
1322,1322,44.93,67.55,0,0,893,1188,429,1456
1323,1323,44.94,67.57,0,0,894,1189,429,1457
1324,1324,44.9,67.52,0,0,894,1189,430,1459
1325,1325,44.87,67.47,0,0,894,1189,431,1461
1326,1326,44.83,67.42,0,0,894,1189,432,1463
1327,1327,44.84,67.45,0,0,895,1190,432,1464
1328,1328,44.8,67.39,0,0,895,1190,433,1466
1329,1329,44.81,67.42,0,0,896,1191,433,1467
1330,1330,44.77,67.37,0,0,896,1191,434,1469
1331,1331,44.78,67.39,0,0,897,1192,434,1470
1332,1332,44.78,67.42,0,0,898,1193,434,1471
1333,1333,44.75,67.37,0,0,898,1193,435,1473
1334,1334,44.72,67.32,0,0,898,1193,436,1475
1335,1335,44.72,67.34,0,0,899,1194,436,1476
1336,1336,44.72,67.37,0,0,900,1195,436,1477
1337,1337,44.69,67.31,0,0,900,1195,437,1479
1338,1338,44.69,67.34,0,0,901,1196,437,1480
1339,1339,44.7,67.36,0,0,902,1197,437,1481
1340,1340,44.7,67.39,0,0,903,1198,437,1482
1341,1341,44.71,67.41,0,0,904,1199,437,1483
1342,1342,44.75,67.44,0,0,905,1201,437,1483
1343,1343,44.75,67.46,0,0,906,1202,437,1484
1344,1344,44.72,67.41,0,0,906,1202,438,1486
1345,1345,44.72,67.43,0,0,907,1203,438,1487
1346,1346,44.73,67.46,0,0,908,1204,438,1488
1347,1347,44.73,67.48,0,0,909,1205,438,1489
1348,1348,44.73,67.51,0,0,910,1206,438,1490
1349,1349,44.77,67.53,0,0,911,1208,438,1490
1350,1350,44.74,67.48,0,0,911,1208,439,1492
1351,1351,44.71,67.43,0,0,911,1208,440,1494
1352,1352,44.67,67.38,0,0,911,1208,441,1496
1353,1353,44.64,67.33,0,0,911,1208,442,1498
1354,1354,44.65,67.36,0,0,912,1209,442,1499
1355,1355,44.65,67.38,0,0,913,1210,442,1500
1356,1356,44.62,67.33,0,0,913,1210,443,1502
1357,1357,44.58,67.28,0,0,913,1210,444,1504
1358,1358,44.55,67.23,0,0,913,1210,445,1506
1359,1359,44.52,67.18,0,0,913,1210,446,1508
1360,1360,44.49,67.13,0,0,913,1210,447,1510
1361,1361,44.49,67.16,0,0,914,1211,447,1511
1362,1362,44.53,67.18,0,0,915,1213,447,1511
1363,1363,44.57,67.2,0,0,916,1215,447,1511
1364,1364,44.57,67.23,0,0,917,1216,447,1512
1365,1365,44.58,67.25,0,0,918,1217,447,1513
1366,1366,44.58,67.28,0,0,919,1218,447,1514
1367,1367,44.59,67.3,0,0,920,1219,447,1515
1368,1368,44.55,67.25,0,0,920,1219,448,1517
1369,1369,44.52,67.2,0,0,920,1219,449,1519
1370,1370,44.49,67.15,0,0,920,1219,450,1521
1371,1371,44.49,67.18,0,0,921,1220,450,1522
1372,1372,44.5,67.2,0,0,922,1221,450,1523
1373,1373,44.5,67.23,0,0,923,1222,450,1524
1374,1374,44.51,67.25,0,0,924,1223,450,1525
1375,1375,44.51,67.27,0,0,925,1224,450,1526
1376,1376,44.48,67.22,0,0,925,1224,451,1528
1377,1377,44.44,67.18,0,0,925,1224,452,1530
1378,1378,44.41,67.13,0,0,925,1224,453,1532
1379,1379,44.42,67.15,0,0,926,1225,453,1533
1380,1380,44.42,67.17,0,0,927,1226,453,1534
1381,1381,44.42,67.2,0,0,928,1227,453,1535
1382,1382,44.43,67.22,0,0,929,1228,453,1536
1383,1383,44.43,67.25,0,0,930,1229,453,1537
1384,1384,44.44,67.27,0,0,931,1230,453,1538
1385,1385,44.44,67.29,0,0,932,1231,453,1539
1386,1386,44.48,67.32,0,0,933,1233,453,1539
1387,1387,44.52,67.34,0,0,934,1235,453,1539
1388,1388,44.49,67.29,0,0,934,1235,454,1541
1389,1389,44.49,67.31,0,0,935,1236,454,1542
1390,1390,44.46,67.27,0,0,935,1236,455,1544
1391,1391,44.46,67.29,0,0,936,1237,455,1545
1392,1392,44.47,67.31,0,0,937,1238,455,1546
1393,1393,44.47,67.34,0,0,938,1239,455,1547
1394,1394,44.48,67.36,0,0,939,1240,455,1548
1395,1395,44.44,67.31,0,0,939,1240,456,1550
1396,1396,44.45,67.34,0,0,940,1241,456,1551
1397,1397,44.42,67.29,0,0,940,1241,457,1553
1398,1398,44.46,67.31,0,0,941,1243,457,1553
1399,1399,44.42,67.26,0,0,941,1243,458,1555
1400,1400,44.43,67.29,0,0,942,1244,458,1556
1401,1401,44.47,67.31,0,0,943,1246,458,1556
1402,1402,44.47,67.33,0,0,944,1247,458,1557
1403,1403,44.48,67.36,0,0,945,1248,458,1558
1404,1404,44.48,67.38,0,0,946,1249,458,1559
1405,1405,44.45,67.33,0,0,946,1249,459,1561
1406,1406,44.49,67.35,0,0,947,1251,459,1561
1407,1407,44.46,67.31,0,0,947,1251,460,1563
1408,1408,44.42,67.26,0,0,947,1251,461,1565
1409,1409,44.43,67.28,0,0,948,1252,461,1566
1410,1410,44.4,67.23,0,0,948,1252,462,1568
1411,1411,44.44,67.26,0,0,949,1254,462,1568
1412,1412,44.44,67.28,0,0,950,1255,462,1569
1413,1413,44.44,67.3,0,0,951,1256,462,1570
1414,1414,44.41,67.26,0,0,951,1256,463,1572
1415,1415,44.38,67.21,0,0,951,1256,464,1574
1416,1416,44.35,67.16,0,0,951,1256,465,1576
1417,1417,44.39,67.18,0,0,952,1258,465,1576
1418,1418,44.43,67.21,0,0,953,1260,465,1576
1419,1419,44.43,67.23,0,0,954,1261,465,1577
1420,1420,44.44,67.25,0,0,955,1262,465,1578
1421,1421,44.48,67.28,0,0,956,1264,465,1578
1422,1422,44.48,67.3,0,0,957,1265,465,1579
1423,1423,44.48,67.32,0,0,958,1266,465,1580
1424,1424,44.49,67.35,0,0,959,1267,465,1581
1425,1425,44.49,67.37,0,0,960,1268,465,1582
1426,1426,44.46,67.32,0,0,960,1268,466,1584
1427,1427,44.5,67.34,0,0,961,1270,466,1584
1428,1428,44.47,67.3,0,0,961,1270,467,1586
1429,1429,44.47,67.32,0,0,962,1271,467,1587
1430,1430,44.48,67.34,0,0,963,1272,467,1588
1431,1431,44.48,67.37,0,0,964,1273,467,1589
1432,1432,44.45,67.32,0,0,964,1273,468,1591
1433,1433,44.45,67.34,0,0,965,1274,468,1592
1434,1434,44.46,67.36,0,0,966,1275,468,1593
1435,1435,44.43,67.32,0,0,966,1275,469,1595
1436,1436,44.43,67.34,0,0,967,1276,469,1596
1437,1437,44.43,67.36,0,0,968,1277,469,1597
1438,1438,44.4,67.32,0,0,968,1277,470,1599
1439,1439,44.41,67.34,0,0,969,1278,470,1600
1440,1440,44.41,67.36,0,0,970,1279,470,1601
1441,1441,44.45,67.38,0,0,971,1281,470,1601
1442,1442,44.45,67.41,0,0,972,1282,470,1602
1443,1443,44.42,67.36,0,0,972,1282,471,1604
1444,1444,44.43,67.38,0,0,973,1283,471,1605
1445,1445,44.43,67.4,0,0,974,1284,471,1606
1446,1446,44.4,67.36,0,0,974,1284,472,1608
1447,1447,44.37,67.31,0,0,974,1284,473,1610
1448,1448,44.37,67.33,0,0,975,1285,473,1611
1449,1449,44.41,67.36,0,0,976,1287,473,1611
1450,1450,44.38,67.31,0,0,976,1287,474,1613
1451,1451,44.38,67.33,0,0,977,1288,474,1614
1452,1452,44.42,67.36,0,0,978,1290,474,1614
1453,1453,44.39,67.31,0,0,978,1290,475,1616
1454,1454,44.39,67.33,0,0,979,1291,475,1617
1455,1455,44.4,67.35,0,0,980,1292,475,1618
1456,1456,44.4,67.38,0,0,981,1293,475,1619
1457,1457,44.41,67.4,0,0,982,1294,475,1620
1458,1458,44.44,67.42,0,0,983,1296,475,1620
1459,1459,44.41,67.37,0,0,983,1296,476,1622
1460,1460,44.45,67.4,0,0,984,1298,476,1622
1461,1461,44.42,67.35,0,0,984,1298,477,1624
1462,1462,44.39,67.31,0,0,984,1298,478,1626
1463,1463,44.36,67.26,0,0,984,1298,479,1628
1464,1464,44.33,67.21,0,0,984,1298,480,1630
1465,1465,44.37,67.24,0,0,985,1300,480,1630
1466,1466,44.37,67.26,0,0,986,1301,480,1631
1467,1467,44.38,67.28,0,0,987,1302,480,1632
1468,1468,44.38,67.3,0,0,988,1303,480,1633
1469,1469,44.38,67.32,0,0,989,1304,480,1634
1470,1470,44.35,67.28,0,0,989,1304,481,1636
1471,1471,44.39,67.3,0,0,990,1306,481,1636
1472,1472,44.4,67.32,0,0,991,1307,481,1637
1473,1473,44.4,67.35,0,0,992,1308,481,1638
1474,1474,44.4,67.37,0,0,993,1309,481,1639
1475,1475,44.41,67.39,0,0,994,1310,481,1640
1476,1476,44.41,67.41,0,0,995,1311,481,1641
1477,1477,44.41,67.43,0,0,996,1312,481,1642
1478,1478,44.45,67.46,0,0,997,1314,481,1642
1479,1479,44.46,67.48,0,0,998,1315,481,1643
1480,1480,44.46,67.5,0,0,999,1316,481,1644
1481,1481,44.46,67.52,0,0,1000,1317,481,1645
1482,1482,44.43,67.48,0,0,1000,1317,482,1647
1483,1483,44.4,67.43,0,0,1000,1317,483,1649
1484,1484,44.37,67.39,0,0,1000,1317,484,1651
1485,1485,44.34,67.34,0,0,1000,1317,485,1653
1486,1486,44.35,67.36,0,0,1001,1318,485,1654
1487,1487,44.32,67.32,0,0,1001,1318,486,1656
1488,1488,44.32,67.34,0,0,1002,1319,486,1657
1489,1489,44.36,67.36,0,0,1003,1321,486,1657
1490,1490,44.33,67.32,0,0,1003,1321,487,1659
1491,1491,44.3,67.27,0,0,1003,1321,488,1661
1492,1492,44.3,67.29,0,0,1004,1322,488,1662
1493,1493,44.31,67.31,0,0,1005,1323,488,1663
1494,1494,44.28,67.27,0,0,1005,1323,489,1665
1495,1495,44.25,67.22,0,0,1005,1323,490,1667
1496,1496,44.22,67.18,0,0,1005,1323,491,1669
1497,1497,44.22,67.2,0,0,1006,1324,491,1670
1498,1498,44.23,67.22,0,0,1007,1325,491,1671
1499,1499,44.23,67.24,0,0,1008,1326,491,1672
1500,1500,44.2,67.2,0,0,1008,1326,492,1674
1501,1501,44.2,67.22,0,0,1009,1327,492,1675
1502,1502,44.21,67.24,0,0,1010,1328,492,1676
1503,1503,44.21,67.27,0,0,1011,1329,492,1677
1504,1504,44.18,67.22,0,0,1011,1329,493,1679
1505,1505,44.19,67.24,0,0,1012,1330,493,1680
1506,1506,44.22,67.26,0,0,1013,1332,493,1680
1507,1507,44.23,67.29,0,0,1014,1333,493,1681
1508,1508,44.26,67.31,0,0,1015,1335,493,1681
1509,1509,44.27,67.33,0,0,1016,1336,493,1682
1510,1510,44.24,67.28,0,0,1016,1336,494,1684
1511,1511,44.24,67.31,0,0,1017,1337,494,1685
1512,1512,44.28,67.33,0,0,1018,1339,494,1685
1513,1513,44.28,67.35,0,0,1019,1340,494,1686
1514,1514,44.29,67.37,0,0,1020,1341,494,1687
1515,1515,44.32,67.39,0,0,1021,1343,494,1687
1516,1516,44.36,67.41,0,0,1022,1345,494,1687
1517,1517,44.36,67.44,0,0,1023,1346,494,1688
1518,1518,44.37,67.46,0,0,1024,1347,494,1689
1519,1519,44.34,67.41,0,0,1024,1347,495,1691
1520,1520,44.34,67.43,0,0,1025,1348,495,1692
1521,1521,44.35,67.46,0,0,1026,1349,495,1693
1522,1522,44.32,67.41,0,0,1026,1349,496,1695
1523,1523,44.32,67.43,0,0,1027,1350,496,1696
1524,1524,44.32,67.45,0,0,1028,1351,496,1697
1525,1525,44.33,67.48,0,0,1029,1352,496,1698
1526,1526,44.33,67.5,0,0,1030,1353,496,1699
1527,1527,44.34,67.52,0,0,1031,1354,496,1700
1528,1528,44.34,67.54,0,0,1032,1355,496,1701
1529,1529,44.31,67.5,0,0,1032,1355,497,1703
1530,1530,44.28,67.45,0,0,1032,1355,498,1705
1531,1531,44.28,67.47,0,0,1033,1356,498,1706
1532,1532,44.32,67.49,0,0,1034,1358,498,1706
1533,1533,44.32,67.51,0,0,1035,1359,498,1707
1534,1534,44.36,67.54,0,0,1036,1361,498,1707
1535,1535,44.33,67.49,0,0,1036,1361,499,1709
1536,1536,44.3,67.45,0,0,1036,1361,500,1711
1537,1537,44.31,67.47,0,0,1037,1362,500,1712
1538,1538,44.31,67.49,0,0,1038,1363,500,1713
1539,1539,44.31,67.51,0,0,1039,1364,500,1714
1540,1540,44.32,67.53,0,0,1040,1365,500,1715
1541,1541,44.29,67.49,0,0,1040,1365,501,1717
1542,1542,44.29,67.51,0,0,1041,1366,501,1718
1543,1543,44.3,67.53,0,0,1042,1367,501,1719
1544,1544,44.27,67.49,0,0,1042,1367,502,1721
1545,1545,44.3,67.51,0,0,1043,1369,502,1721
1546,1546,44.31,67.53,0,0,1044,1370,502,1722
1547,1547,44.31,67.55,0,0,1045,1371,502,1723
1548,1548,44.32,67.57,0,0,1046,1372,502,1724
1549,1549,44.32,67.59,0,0,1047,1373,502,1725
1550,1550,44.32,67.61,0,0,1048,1374,502,1726
1551,1551,44.36,67.63,0,0,1049,1376,502,1726
1552,1552,44.36,67.65,0,0,1050,1377,502,1727
1553,1553,44.33,67.61,0,0,1050,1377,503,1729
1554,1554,44.37,67.63,0,0,1051,1379,503,1729
1555,1555,44.37,67.65,0,0,1052,1380,503,1730
1556,1556,44.38,67.67,0,0,1053,1381,503,1731
1557,1557,44.38,67.69,0,0,1054,1382,503,1732
1558,1558,44.38,67.72,0,0,1055,1383,503,1733
1559,1559,44.39,67.74,0,0,1056,1384,503,1734
1560,1560,44.39,67.76,0,0,1057,1385,503,1735
1561,1561,44.39,67.78,0,0,1058,1386,503,1736
1562,1562,44.37,67.73,0,0,1058,1386,504,1738
1563,1563,44.37,67.75,0,0,1059,1387,504,1739
1564,1564,44.34,67.71,0,0,1059,1387,505,1741
1565,1565,44.35,67.73,0,0,1060,1388,505,1742
1566,1566,44.32,67.69,0,0,1060,1388,506,1744
1567,1567,44.32,67.71,0,0,1061,1389,506,1745
1568,1568,44.32,67.73,0,0,1062,1390,506,1746
1569,1569,44.33,67.75,0,0,1063,1391,506,1747
1570,1570,44.3,67.71,0,0,1063,1391,507,1749
1571,1571,44.27,67.66,0,0,1063,1391,508,1751
1572,1572,44.27,67.68,0,0,1064,1392,508,1752
1573,1573,44.28,67.71,0,0,1065,1393,508,1753
1574,1574,44.25,67.66,0,0,1065,1393,509,1755
1575,1575,44.25,67.68,0,0,1066,1394,509,1756
1576,1576,44.29,67.7,0,0,1067,1396,509,1756
1577,1577,44.29,67.72,0,0,1068,1397,509,1757
1578,1578,44.26,67.68,0,0,1068,1397,510,1759
1579,1579,44.24,67.64,0,0,1068,1397,511,1761
1580,1580,44.24,67.66,0,0,1069,1398,511,1762
1581,1581,44.24,67.68,0,0,1070,1399,511,1763
1582,1582,44.28,67.7,0,0,1071,1401,511,1763
1583,1583,44.28,67.72,0,0,1072,1402,511,1764
1584,1584,44.29,67.74,0,0,1073,1403,511,1765
