topk,tested_nodes,fault_coverage(%),node_coverage(%),avg_rmse,max_rmse,escaped_nodes,escaped_faults
5,1,50.00,100.00,0.0000,0.0000,0,1
10,2,100.00,100.00,0.0000,0.0000,0,0
15,3,100.00,100.00,0.0000,0.0000,0,0
20,4,100.00,100.00,0.0000,0.0000,0,0
25,5,100.00,100.00,0.0000,0.0000,0,0
30,6,100.00,100.00,0.0000,0.0000,0,0
35,7,92.86,100.00,0.0000,0.0000,0,1
40,8,100.00,100.00,0.0000,0.0000,0,0
45,9,100.00,100.00,0.0000,0.0000,0,0
50,10,95.00,100.00,0.0000,0.0000,0,1
55,11,90.91,100.00,0.0000,0.0000,0,2
60,12,91.67,100.00,0.0000,0.0000,0,2
65,13,88.46,100.00,0.0000,0.0000,0,3
70,14,89.29,100.00,0.0000,0.0000,0,3
75,15,90.00,100.00,0.0000,0.0000,0,3
80,16,87.50,100.00,0.0000,0.0000,0,4
85,17,88.24,100.00,0.0000,0.0000,0,4
90,18,86.11,100.00,0.0000,0.0000,0,5
95,19,84.21,100.00,0.0000,0.0000,0,6
100,20,80.00,100.00,0.0000,0.0000,0,8
105,21,85.71,100.00,0.0000,0.0000,0,6
110,22,79.55,100.00,0.0000,0.0000,0,9
115,23,80.43,100.00,0.0000,0.0000,0,9
120,24,79.17,100.00,0.0000,0.0000,0,10
125,25,78.00,100.00,0.0000,0.0000,0,11
130,26,78.85,100.00,0.0000,0.0000,0,11
135,27,79.63,100.00,0.0000,0.0000,0,11
140,28,80.36,100.00,0.0000,0.0000,0,11
145,29,79.31,100.00,0.0000,0.0000,0,12
150,30,80.00,100.00,0.0000,0.0000,0,12
155,31,80.65,100.00,0.0000,0.0000,0,12
160,32,82.81,100.00,0.0000,0.0000,0,11
165,33,83.33,100.00,0.0000,0.0000,0,11
170,34,82.35,100.00,0.0000,0.0000,0,12
175,35,82.86,100.00,0.0000,0.0000,0,12
180,36,83.33,100.00,0.0000,0.0000,0,12
185,37,82.43,100.00,0.0000,0.0000,0,13
190,38,82.89,100.00,0.0000,0.0000,0,13
195,39,80.77,100.00,0.0000,0.0000,0,15
200,40,81.25,100.00,0.0000,0.0000,0,15
205,41,80.49,100.00,0.0000,0.0000,0,16
210,42,79.76,100.00,0.0000,0.0000,0,17
215,43,80.23,100.00,0.0000,0.0000,0,17
220,44,80.68,100.00,0.0000,0.0000,0,17
225,45,80.00,100.00,0.0000,0.0000,0,18
230,46,77.17,100.00,0.0000,0.0000,0,21
235,47,79.79,97.87,0.0000,0.0000,1,19
240,48,78.12,100.00,0.0000,0.0000,0,21
245,49,78.57,95.92,0.0000,0.0000,2,21
250,50,76.00,98.00,0.0000,0.0000,1,24
255,51,75.49,96.08,0.0000,0.0000,2,25
260,52,76.92,98.08,0.0000,0.0000,1,24
265,53,77.36,98.11,0.0000,0.0000,1,24
270,54,73.15,96.30,0.0000,0.0000,2,29
275,55,73.64,96.36,0.0000,0.0000,2,29
280,56,74.11,98.21,0.0000,0.0000,1,29
285,57,75.44,96.49,0.0000,0.0000,2,28
290,58,75.00,96.55,0.0000,0.0000,2,29
295,59,71.19,94.92,0.0000,0.0000,3,34
300,60,70.00,91.67,0.0000,0.0000,5,36
305,61,72.95,96.72,0.0000,0.0000,2,33
310,62,70.97,95.16,0.0000,0.0000,3,36
315,63,71.43,93.65,0.0000,0.0000,4,36
320,64,72.66,95.31,0.0000,0.0000,3,35
325,65,71.54,95.38,0.0000,0.0000,3,37
330,66,71.97,93.94,0.0000,0.0000,4,37
335,67,70.90,94.03,0.0000,0.0000,4,39
340,68,70.59,92.65,0.0000,0.0000,5,40
345,69,67.39,91.30,0.0000,0.0000,6,45
350,70,69.29,92.86,0.0000,0.0000,5,43
355,71,73.24,97.18,0.0000,0.0000,2,38
360,72,71.53,97.22,0.0000,0.0000,2,41
365,73,71.23,94.52,0.0000,0.0000,4,42
370,74,68.92,94.59,0.0000,0.0000,4,46
375,75,71.33,94.67,0.0000,0.0000,4,43
380,76,69.74,96.05,0.0000,0.0000,3,46
385,77,70.78,93.51,0.0000,0.0000,5,45
390,78,72.44,97.44,0.0000,0.0000,2,43
395,79,70.89,97.47,0.0000,0.0000,2,46
400,80,68.75,92.50,0.0000,0.0000,6,50
405,81,66.67,90.12,0.0000,0.0000,8,54
410,82,65.24,90.24,0.0000,0.0000,8,57
415,83,67.47,91.57,0.0000,0.0000,7,54
420,84,69.64,92.86,0.0000,0.0000,6,51
425,85,70.59,95.29,0.0000,0.0000,4,50
430,86,72.09,95.35,0.0000,0.0000,4,48
435,87,68.97,94.25,0.0000,0.0000,5,54
440,88,68.75,94.32,0.0000,0.0000,5,55
445,89,66.29,92.13,0.0000,0.0000,7,60
450,90,68.33,94.44,0.0000,0.0000,5,57
455,91,65.93,91.21,0.0000,0.0000,8,62
460,92,67.93,92.39,0.0000,0.0000,7,59
465,93,67.20,93.55,0.0000,0.0000,6,61
470,94,66.49,94.68,0.0000,0.0000,5,63
475,95,67.37,93.68,0.0000,0.0000,6,62
480,96,68.75,94.79,0.0000,0.0000,5,60
485,97,66.49,91.75,0.0000,0.0000,8,65
490,98,67.86,93.88,0.0000,0.0000,6,63
495,99,66.16,93.94,0.0000,0.0000,6,67
500,100,65.00,91.00,0.0000,0.0000,9,70
505,101,67.82,94.06,0.0000,0.0000,6,65
510,102,68.14,94.12,0.0000,0.0000,6,65
515,103,67.48,95.15,0.0000,0.0000,5,67
520,104,67.79,96.15,0.0000,0.0000,4,67
525,105,68.10,96.19,0.0000,0.0000,4,67
530,106,65.57,93.40,0.0000,0.0000,7,73
535,107,63.55,91.59,0.0000,0.0000,9,78
540,108,66.20,92.59,0.0000,0.0000,8,73
545,109,64.68,91.74,0.0000,0.0000,9,77
550,110,65.45,92.73,0.0000,0.0000,8,76
555,111,66.22,90.99,0.0000,0.0000,10,75
560,112,65.18,91.07,0.0000,0.0000,10,78
565,113,63.72,91.15,0.0000,0.0000,10,82
570,114,64.47,92.11,0.0000,0.0000,9,81
575,115,65.22,90.43,0.0000,0.0000,11,80
580,116,66.38,92.24,0.0000,0.0000,9,78
585,117,62.82,88.89,0.0000,0.0000,13,87
590,118,66.10,94.07,0.0000,0.0000,7,80
595,119,64.29,92.44,0.0000,0.0000,9,85
600,120,62.50,90.83,0.0000,0.0000,11,90
605,121,66.53,93.39,0.0000,0.0000,8,81
610,122,65.16,91.80,0.0000,0.0000,10,85
615,123,63.01,90.24,0.0000,0.0000,12,91
620,124,64.52,91.13,0.0000,0.0000,11,88
625,125,64.80,93.60,0.0000,0.0000,8,88
630,126,65.87,92.86,0.0000,0.0000,9,86
635,127,64.96,90.55,0.0000,0.0000,12,89
640,128,63.28,90.62,0.0000,0.0000,12,94
645,129,63.57,92.25,0.0000,0.0000,10,94
650,130,63.85,92.31,0.0000,0.0000,10,94
655,131,64.12,90.84,0.0000,0.0000,12,94
660,132,62.12,91.67,0.0000,0.0000,11,100
665,133,65.41,90.98,0.0000,0.0000,12,92
670,134,64.55,91.79,0.0000,0.0000,11,95
675,135,63.70,92.59,0.0000,0.0000,10,98
680,136,63.24,88.97,0.0000,0.0000,15,100
685,137,62.41,89.05,0.0000,0.0000,15,103
690,138,61.59,90.58,0.0000,0.0000,13,106
695,139,62.59,89.93,0.0000,0.0000,14,104
700,140,62.14,90.00,0.0000,0.0000,14,106
705,141,63.12,90.78,0.0000,0.0000,13,104
710,142,63.38,90.85,0.0000,0.0000,13,104
715,143,62.24,89.51,0.0000,0.0000,15,108
720,144,61.81,88.89,0.0000,0.0000,16,110
725,145,63.10,89.66,0.0000,0.0000,15,107
730,146,63.70,88.36,0.0000,0.0000,17,106
735,147,62.93,89.80,0.0000,0.0000,15,109
740,148,61.49,87.16,0.0000,0.0000,19,114
745,149,63.09,89.93,0.0000,0.0000,15,110
750,150,64.00,88.67,0.0000,0.0000,17,108
755,151,64.24,89.40,0.0000,0.0000,16,108
760,152,63.16,90.13,0.0000,0.0000,15,112
765,153,63.73,89.54,0.0000,0.0000,16,111
770,154,61.69,87.01,0.0000,0.0000,20,118
775,155,61.61,89.03,0.0000,0.0000,17,119
780,156,61.22,87.18,0.0000,0.0000,20,121
785,157,61.15,86.62,0.0000,0.0000,21,122
790,158,65.19,91.14,0.0000,0.0000,14,110
795,159,61.01,88.05,0.0000,0.0000,19,124
800,160,62.81,89.38,0.0000,0.0000,17,119
805,161,63.35,90.06,0.0000,0.0000,16,118
810,162,61.11,88.89,0.0000,0.0000,18,126
815,163,61.66,87.73,0.0000,0.0000,20,125
820,164,62.20,87.20,0.0000,0.0000,21,124
825,165,63.64,89.09,0.0000,0.0000,18,120
830,166,60.54,86.14,0.0000,0.0000,23,131
835,167,61.38,87.43,0.0000,0.0000,21,129
840,168,62.80,88.69,0.0000,0.0000,19,125
845,169,63.61,89.94,0.0000,0.0000,17,123
850,170,61.47,87.06,0.0000,0.0000,22,131
855,171,61.40,88.30,0.0000,0.0000,20,132
860,172,60.76,86.63,0.0000,0.0000,23,135
865,173,60.69,86.13,0.0000,0.0000,24,136
870,174,63.22,89.08,0.0000,0.0000,19,128
875,175,62.00,87.43,0.0000,0.0000,22,133
880,176,61.08,86.93,0.0000,0.0000,23,137
885,177,61.30,88.14,0.0000,0.0000,21,137
890,178,61.52,87.08,0.0000,0.0000,23,137
895,179,61.45,87.15,0.0000,0.0000,23,138
900,180,60.56,86.11,0.0000,0.0000,25,142
905,181,61.05,87.29,0.0000,0.0000,23,141
910,182,61.54,88.46,0.0000,0.0000,21,140
915,183,58.74,85.25,0.0000,0.0000,27,151
920,184,61.41,87.50,0.0000,0.0000,23,142
925,185,62.97,89.19,0.0000,0.0000,20,137
930,186,59.68,86.02,0.0000,0.0000,26,150
935,187,60.96,87.17,0.0000,0.0000,24,146
940,188,62.23,88.83,0.0000,0.0000,21,142
945,189,63.23,86.77,0.0000,0.0000,25,139
950,190,61.58,87.37,0.0000,0.0000,24,146
955,191,60.73,85.86,0.0000,0.0000,27,150
960,192,62.24,88.54,0.0000,0.0000,22,145
965,193,60.10,85.49,0.0000,0.0000,28,154
970,194,62.37,88.14,0.0000,0.0000,23,146
975,195,60.26,86.15,0.0000,0.0000,27,155
980,196,61.48,86.73,0.0000,0.0000,26,151
985,197,61.42,87.82,0.0000,0.0000,24,152
990,198,58.33,84.34,0.0000,0.0000,31,165
995,199,60.05,85.43,0.0000,0.0000,29,159
1000,200,59.00,84.50,0.0000,0.0000,31,164
1005,201,59.95,86.57,0.0000,0.0000,27,161
1010,202,59.41,85.64,0.0000,0.0000,29,164
1015,203,58.13,84.24,0.0000,0.0000,32,170
1020,204,62.75,87.75,0.0000,0.0000,25,152
1025,205,60.24,85.37,0.0000,0.0000,30,163
1030,206,58.01,83.50,0.0000,0.0000,34,173
1035,207,58.70,85.99,0.0000,0.0000,29,171
1040,208,58.65,85.10,0.0000,0.0000,31,172
1045,209,60.53,87.56,0.0000,0.0000,26,165
1050,210,63.57,88.10,0.0000,0.0000,25,153
1055,211,58.53,84.36,0.0000,0.0000,33,175
1060,212,62.74,86.79,0.0000,0.0000,28,158
1065,213,60.09,84.51,0.0000,0.0000,33,170
1070,214,62.38,88.32,0.0000,0.0000,25,161
1075,215,60.47,86.51,0.0000,0.0000,29,170
1080,216,60.42,85.65,0.0000,0.0000,31,171
1085,217,60.83,85.71,0.0000,0.0000,31,170
1090,218,60.55,85.78,0.0000,0.0000,31,172
1095,219,60.73,86.76,0.0000,0.0000,29,172
1100,220,60.23,86.36,0.0000,0.0000,30,175
1105,221,61.54,86.88,0.0000,0.0000,29,170
1110,222,58.11,84.23,0.0000,0.0000,35,186
1115,223,57.85,84.30,0.0000,0.0000,35,188
1120,224,59.60,85.27,0.0000,0.0000,33,181
1125,225,56.67,83.56,0.0000,0.0000,37,195
1130,226,60.84,85.40,0.0000,0.0000,33,177
1135,227,59.25,85.02,0.0000,0.0000,34,185
1140,228,59.65,85.96,0.0000,0.0000,32,184
1145,229,57.42,83.41,0.0000,0.0000,38,195
1150,230,58.91,85.65,0.0000,0.0000,33,189
1155,231,57.79,83.98,0.0000,0.0000,37,195
1160,232,59.91,84.91,0.0000,0.0000,35,186
1165,233,60.09,84.98,0.0000,0.0000,35,186
1170,234,57.69,82.05,0.0000,0.0000,42,198
1175,235,56.17,81.70,0.0000,0.0000,43,206
1180,236,60.59,85.17,0.0000,0.0000,35,186
1185,237,58.86,83.97,0.0000,0.0000,38,195
1190,238,60.71,86.13,0.0000,0.0000,33,187
1195,239,61.51,88.28,0.0000,0.0000,28,184
1200,240,59.17,84.17,0.0000,0.0000,38,196
1205,241,60.17,84.65,0.0000,0.0000,37,192
1210,242,57.85,83.88,0.0000,0.0000,39,204
1215,243,58.85,85.19,0.0000,0.0000,36,200
1220,244,60.04,84.84,0.0000,0.0000,37,195
1225,245,59.59,85.31,0.0000,0.0000,36,198
1230,246,57.11,81.71,0.0000,0.0000,45,211
1235,247,58.50,85.43,0.0000,0.0000,36,205
1240,248,59.68,85.89,0.0000,0.0000,35,200
1245,249,57.23,83.94,0.0000,0.0000,40,213
1250,250,57.60,84.40,0.0000,0.0000,39,212
1255,251,58.17,84.06,0.0000,0.0000,40,210
1260,252,55.56,82.54,0.0000,0.0000,44,224
1265,253,58.30,83.79,0.0000,0.0000,41,211
1270,254,60.04,84.25,0.0000,0.0000,40,203
1275,255,59.41,85.49,0.0000,0.0000,37,207
1280,256,58.98,83.20,0.0000,0.0000,43,210
1285,257,59.53,84.05,0.0000,0.0000,41,208
1290,258,59.50,84.50,0.0000,0.0000,40,209
1295,259,57.53,82.63,0.0000,0.0000,45,220
1300,260,58.46,84.62,0.0000,0.0000,40,216
1305,261,60.15,82.38,0.0000,0.0000,46,208
1310,262,58.78,83.97,0.0000,0.0000,42,216
1315,263,58.75,83.65,0.0000,0.0000,43,217
1320,264,62.12,87.50,0.0000,0.0000,33,200
1325,265,56.23,81.89,0.0000,0.0000,48,232
1330,266,57.71,81.95,0.0000,0.0000,48,225
1335,267,59.93,82.77,0.0000,0.0000,46,214
1340,268,56.72,82.84,0.0000,0.0000,46,232
1345,269,59.67,84.01,0.0000,0.0000,43,217
1350,270,56.85,82.96,0.0000,0.0000,46,233
1355,271,56.46,82.29,0.0000,0.0000,48,236
1360,272,56.62,82.35,0.0000,0.0000,48,236
1365,273,55.86,79.85,0.0000,0.0000,55,241
1370,274,57.48,82.85,0.0000,0.0000,47,233
1375,275,56.36,82.55,0.0000,0.0000,48,240
1380,276,58.15,83.33,0.0000,0.0000,46,231
1385,277,58.48,83.03,0.0000,0.0000,47,230
1390,278,59.35,84.17,0.0000,0.0000,44,226
1395,279,58.60,84.59,0.0000,0.0000,43,231
1400,280,59.11,83.57,0.0000,0.0000,46,229
1405,281,60.85,85.41,0.0000,0.0000,41,220
1410,282,58.33,84.04,0.0000,0.0000,45,235
1415,283,57.77,83.75,0.0000,0.0000,46,239
1420,284,57.39,81.69,0.0000,0.0000,52,242
1425,285,61.23,85.96,0.0000,0.0000,40,221
1430,286,59.27,84.27,0.0000,0.0000,45,233
1435,287,60.80,85.71,0.0000,0.0000,41,225
1440,288,57.64,83.33,0.0000,0.0000,48,244
1445,289,56.75,83.74,0.0000,0.0000,47,250
1450,290,59.83,84.48,0.0000,0.0000,45,233
1455,291,57.90,83.51,0.0000,0.0000,48,245
1460,292,62.16,85.96,0.0000,0.0000,41,221
1465,293,58.53,84.30,0.0000,0.0000,46,243
1470,294,57.99,83.67,0.0000,0.0000,48,247
1475,295,57.12,82.03,0.0000,0.0000,53,253
1480,296,58.28,83.78,0.0000,0.0000,48,247
1485,297,60.61,86.87,0.0000,0.0000,39,234
1490,298,59.40,84.56,0.0000,0.0000,46,242
1495,299,58.86,83.61,0.0000,0.0000,49,246
1500,300,59.33,84.67,0.0000,0.0000,46,244
1505,301,59.80,85.05,0.0000,0.0000,45,242
1510,302,56.79,82.45,0.0000,0.0000,53,261
1515,303,57.92,85.48,0.0000,0.0000,44,255
1520,304,59.54,85.86,0.0000,0.0000,43,246
1525,305,56.89,83.61,0.0000,0.0000,50,263
1530,306,59.31,84.64,0.0000,0.0000,47,249
1535,307,57.82,83.06,0.0000,0.0000,52,259
1540,308,57.63,83.77,0.0000,0.0000,50,261
1545,309,55.66,81.55,0.0000,0.0000,57,274
1550,310,57.10,83.87,0.0000,0.0000,50,266
1555,311,56.59,82.96,0.0000,0.0000,53,270
1560,312,57.53,83.65,0.0000,0.0000,51,265
1565,313,59.27,85.30,0.0000,0.0000,46,255
1570,314,57.01,82.80,0.0000,0.0000,54,270
1575,315,57.78,82.86,0.0000,0.0000,54,266
1580,316,57.12,82.91,0.0000,0.0000,54,271
1585,317,61.99,86.75,0.0000,0.0000,42,241
1590,318,58.49,83.65,0.0000,0.0000,52,264
1595,319,56.90,82.45,0.0000,0.0000,56,275
1600,320,56.88,83.12,0.0000,0.0000,54,276
1605,321,58.41,84.42,0.0000,0.0000,50,267
1610,322,56.21,82.61,0.0000,0.0000,56,282
1615,323,58.67,83.59,0.0000,0.0000,53,267
1620,324,57.25,83.02,0.0000,0.0000,55,277
1625,325,56.62,83.38,0.0000,0.0000,54,282
1630,326,56.60,81.60,0.0000,0.0000,60,283
1635,327,58.56,84.40,0.0000,0.0000,51,271
1640,328,59.91,84.45,0.0000,0.0000,51,263
1645,329,60.33,85.71,0.0000,0.0000,47,261
1650,330,58.64,84.24,0.0000,0.0000,52,273
1655,331,56.95,82.78,0.0000,0.0000,57,285
1660,332,56.63,83.13,0.0000,0.0000,56,288
1665,333,56.91,83.48,0.0000,0.0000,55,287
1670,334,57.93,82.34,0.0000,0.0000,59,281
1675,335,59.25,84.18,0.0000,0.0000,53,273
1680,336,57.44,82.74,0.0000,0.0000,58,286
1685,337,54.60,79.53,0.0000,0.0000,69,306
1690,338,57.40,83.14,0.0000,0.0000,57,288
1695,339,56.05,80.53,0.0000,0.0000,66,298
1700,340,56.91,82.35,0.0000,0.0000,60,293
1705,341,58.06,85.63,0.0000,0.0000,49,286
1710,342,58.63,83.63,0.0000,0.0000,56,283
1715,343,56.85,82.22,0.0000,0.0000,61,296
1720,344,58.43,83.14,0.0000,0.0000,58,286
1725,345,55.22,80.58,0.0000,0.0000,67,309
1730,346,56.65,82.95,0.0000,0.0000,59,300
1735,347,56.77,82.42,0.0000,0.0000,61,300
1740,348,56.90,81.61,0.0000,0.0000,64,300
1745,349,58.88,83.95,0.0000,0.0000,56,287
1750,350,55.00,81.14,0.0000,0.0000,66,315
1755,351,58.12,83.48,0.0000,0.0000,58,294
1760,352,54.69,80.40,0.0000,0.0000,69,319
1765,353,56.66,82.15,0.0000,0.0000,63,306
1770,354,56.78,82.77,0.0000,0.0000,61,306
1775,355,57.32,82.25,0.0000,0.0000,63,303
1780,356,56.18,82.02,0.0000,0.0000,64,312
1785,357,57.28,82.63,0.0000,0.0000,62,305
1790,358,54.89,79.05,0.0000,0.0000,75,323
1795,359,58.64,84.12,0.0000,0.0000,57,297
1800,360,57.78,84.17,0.0000,0.0000,57,304
1805,361,55.82,81.16,0.0000,0.0000,68,319
1810,362,54.01,80.11,0.0000,0.0000,72,333
1815,363,53.99,79.61,0.0000,0.0000,74,334
1820,364,55.36,81.59,0.0000,0.0000,67,325
1825,365,53.97,78.90,0.0000,0.0000,77,336
1830,366,56.42,82.51,0.0000,0.0000,64,319
1835,367,57.49,82.02,0.0000,0.0000,66,312
1840,368,55.30,80.71,0.0000,0.0000,71,329
1845,369,57.99,83.20,0.0000,0.0000,62,310
1850,370,57.57,81.89,0.0000,0.0000,67,314
1855,371,54.04,80.05,0.0000,0.0000,74,341
1860,372,57.80,81.45,0.0000,0.0000,69,314
1865,373,56.43,82.04,0.0000,0.0000,67,325
1870,374,55.35,80.48,0.0000,0.0000,73,334
1875,375,56.53,82.40,0.0000,0.0000,66,326
1880,376,57.18,82.98,0.0000,0.0000,64,322
1885,377,56.50,82.23,0.0000,0.0000,67,328
1890,378,57.54,83.86,0.0000,0.0000,61,321
1895,379,56.20,82.06,0.0000,0.0000,68,332
1900,380,54.87,79.47,0.0000,0.0000,78,343
1905,381,55.91,81.63,0.0000,0.0000,70,336
1910,382,56.54,80.63,0.0000,0.0000,74,332
1915,383,56.79,82.25,0.0000,0.0000,68,331
1920,384,56.77,82.55,0.0000,0.0000,67,332
1925,385,56.75,82.08,0.0000,0.0000,69,333
1930,386,56.22,82.38,0.0000,0.0000,68,338
1935,387,55.04,80.62,0.0000,0.0000,75,348
1940,388,54.77,79.64,0.0000,0.0000,79,351
1945,389,55.91,80.72,0.0000,0.0000,75,343
1950,390,52.44,77.95,0.0000,0.0000,86,371
1955,391,58.18,83.38,0.0000,0.0000,65,327
1960,392,55.61,80.10,0.0000,0.0000,78,348
1965,393,57.12,82.19,0.0000,0.0000,70,337
1970,394,56.73,81.73,0.0000,0.0000,72,341
1975,395,55.82,81.52,0.0000,0.0000,73,349
1980,396,56.82,81.57,0.0000,0.0000,73,342
1985,397,56.17,81.36,0.0000,0.0000,74,348
1990,398,56.28,82.41,0.0000,0.0000,70,348
1995,399,56.14,81.70,0.0000,0.0000,73,350
2000,400,57.12,83.00,0.0000,0.0000,68,343
2005,401,56.11,81.55,0.0000,0.0000,74,352
2010,402,55.60,80.60,0.0000,0.0000,78,357
2015,403,55.09,79.16,0.0000,0.0000,84,362
2020,404,54.83,79.70,0.0000,0.0000,82,365
2025,405,55.31,81.23,0.0000,0.0000,76,362
2030,406,55.67,82.02,0.0000,0.0000,73,360
2035,407,55.90,79.85,0.0000,0.0000,82,359
2040,408,57.72,82.60,0.0000,0.0000,71,345
2045,409,55.87,80.93,0.0000,0.0000,78,361
2050,410,52.20,77.32,0.0000,0.0000,93,392
2055,411,57.79,82.48,0.0000,0.0000,72,347
2060,412,56.80,82.04,0.0000,0.0000,74,356
2065,413,54.96,79.66,0.0000,0.0000,84,372
2070,414,54.11,79.23,0.0000,0.0000,86,380
2075,415,55.30,81.20,0.0000,0.0000,78,371
2080,416,54.33,79.57,0.0000,0.0000,85,380
2085,417,54.44,79.14,0.0000,0.0000,87,380
2090,418,54.07,77.75,0.0000,0.0000,93,384
2095,419,53.94,79.95,0.0000,0.0000,84,386
2100,420,57.50,82.86,0.0000,0.0000,72,357
2105,421,56.53,81.95,0.0000,0.0000,76,366
2110,422,54.03,77.73,0.0000,0.0000,94,388
2115,423,55.56,81.09,0.0000,0.0000,80,376
2120,424,54.95,79.25,0.0000,0.0000,88,382
2125,425,56.71,80.94,0.0000,0.0000,81,368
2130,426,53.29,79.58,0.0000,0.0000,87,398
2135,427,54.45,80.56,0.0000,0.0000,83,389
2140,428,55.61,80.37,0.0000,0.0000,84,380
2145,429,56.41,82.05,0.0000,0.0000,77,374
2150,430,54.53,80.00,0.0000,0.0000,86,391
2155,431,54.52,79.35,0.0000,0.0000,89,392
2160,432,55.79,80.56,0.0000,0.0000,84,382
2165,433,54.50,80.37,0.0000,0.0000,85,394
2170,434,55.30,80.41,0.0000,0.0000,85,388
2175,435,55.86,80.69,0.0000,0.0000,84,384
2180,436,57.11,82.11,0.0000,0.0000,78,374
2185,437,54.35,78.72,0.0000,0.0000,93,399
2190,438,55.14,79.22,0.0000,0.0000,91,393
2195,439,54.78,79.73,0.0000,0.0000,89,397
2200,440,54.43,78.41,0.0000,0.0000,95,401
2205,441,54.65,80.05,0.0000,0.0000,88,400
2210,442,54.19,80.32,0.0000,0.0000,87,405
2215,443,53.95,79.91,0.0000,0.0000,89,408
2220,444,55.97,81.76,0.0000,0.0000,81,391
2225,445,54.83,79.78,0.0000,0.0000,90,402
2230,446,52.58,78.70,0.0000,0.0000,95,423
2235,447,53.91,79.42,0.0000,0.0000,92,412
2240,448,54.35,80.13,0.0000,0.0000,89,409
2245,449,54.34,78.17,0.0000,0.0000,98,410
2250,450,55.00,79.56,0.0000,0.0000,92,405
2255,451,56.21,80.93,0.0000,0.0000,86,395
2260,452,52.99,77.21,0.0000,0.0000,103,425
2265,453,53.42,79.03,0.0000,0.0000,95,422
2270,454,55.18,80.40,0.0000,0.0000,89,407
2275,455,56.37,80.00,0.0000,0.0000,91,397
2280,456,53.18,78.51,0.0000,0.0000,98,427
2285,457,54.27,79.43,0.0000,0.0000,94,418
2290,458,52.51,78.38,0.0000,0.0000,99,435
2295,459,53.38,78.87,0.0000,0.0000,97,428
2300,460,55.11,81.30,0.0000,0.0000,86,413
2305,461,54.23,79.39,0.0000,0.0000,95,422
2310,462,51.95,76.84,0.0000,0.0000,107,444
2315,463,54.43,78.62,0.0000,0.0000,99,422
2320,464,54.63,80.17,0.0000,0.0000,92,421
2325,465,53.44,78.49,0.0000,0.0000,100,433
2330,466,53.86,79.18,0.0000,0.0000,97,430
2335,467,53.96,78.59,0.0000,0.0000,100,430
2340,468,53.21,79.49,0.0000,0.0000,96,438
2345,469,54.80,79.32,0.0000,0.0000,97,424
2350,470,56.70,81.91,0.0000,0.0000,85,407
2355,471,53.82,78.34,0.0000,0.0000,102,435
2360,472,52.65,78.18,0.0000,0.0000,103,447
2365,473,52.54,78.01,0.0000,0.0000,104,449
2370,474,52.22,77.22,0.0000,0.0000,108,453
2375,475,52.95,78.74,0.0000,0.0000,101,447
2380,476,52.63,77.94,0.0000,0.0000,105,451
2385,477,51.78,77.36,0.0000,0.0000,108,460
2390,478,52.20,76.78,0.0000,0.0000,111,457
2395,479,53.65,77.87,0.0000,0.0000,106,444
2400,480,54.37,80.00,0.0000,0.0000,96,438
2405,481,52.70,77.55,0.0000,0.0000,108,455
2410,482,55.29,80.08,0.0000,0.0000,96,431
2415,483,52.90,77.85,0.0000,0.0000,107,455
2420,484,53.10,76.86,0.0000,0.0000,112,454
2425,485,53.92,77.11,0.0000,0.0000,111,447
2430,486,53.50,77.98,0.0000,0.0000,107,452
2435,487,52.46,76.80,0.0000,0.0000,113,463
2440,488,53.28,78.48,0.0000,0.0000,105,456
2445,489,53.89,78.32,0.0000,0.0000,106,451
2450,490,53.57,78.37,0.0000,0.0000,106,455
2455,491,53.87,78.00,0.0000,0.0000,108,453
2460,492,52.03,76.63,0.0000,0.0000,115,472
2465,493,52.43,77.48,0.0000,0.0000,111,469
2470,494,53.74,79.15,0.0000,0.0000,103,457
2475,495,54.95,79.60,0.0000,0.0000,101,446
2480,496,55.44,81.05,0.0000,0.0000,94,442
2485,497,55.33,79.88,0.0000,0.0000,100,444
2490,498,54.32,77.91,0.0000,0.0000,110,455
2495,499,52.40,77.15,0.0000,0.0000,114,475
2500,500,53.30,77.40,0.0000,0.0000,113,467
2505,501,51.20,76.85,0.0000,0.0000,116,489
2510,502,53.39,77.09,0.0000,0.0000,115,468
2515,503,54.17,78.13,0.0000,0.0000,110,461
2520,504,52.78,77.78,0.0000,0.0000,112,476
2525,505,53.37,78.22,0.0000,0.0000,110,471
2530,506,53.16,77.27,0.0000,0.0000,115,474
2535,507,53.16,77.91,0.0000,0.0000,112,475
2540,508,55.91,80.71,0.0000,0.0000,98,448
2545,509,52.95,77.60,0.0000,0.0000,114,479
2550,510,54.80,78.82,0.0000,0.0000,108,461
2555,511,54.60,79.06,0.0000,0.0000,107,464
2560,512,53.91,78.71,0.0000,0.0000,109,472
2565,513,50.88,75.63,0.0000,0.0000,125,504
2570,514,52.72,78.02,0.0000,0.0000,113,486
2575,515,51.55,76.89,0.0000,0.0000,119,499
2580,516,54.65,80.04,0.0000,0.0000,103,468
2585,517,54.45,79.69,0.0000,0.0000,105,471
2590,518,51.64,76.64,0.0000,0.0000,121,501
2595,519,54.24,79.58,0.0000,0.0000,106,475
2600,520,52.60,76.73,0.0000,0.0000,121,493
2605,521,52.69,77.54,0.0000,0.0000,117,493
2610,522,52.78,76.82,0.0000,0.0000,121,493
2615,523,52.87,76.86,0.0000,0.0000,121,493
2620,524,52.67,77.48,0.0000,0.0000,118,496
2625,525,55.43,80.57,0.0000,0.0000,102,468
2630,526,51.81,76.81,0.0000,0.0000,122,507
2635,527,52.66,78.18,0.0000,0.0000,115,499
2640,528,51.52,76.14,0.0000,0.0000,126,512
2645,529,53.59,78.64,0.0000,0.0000,113,491
2650,530,52.17,76.98,0.0000,0.0000,122,507
2655,531,51.13,76.08,0.0000,0.0000,127,519
2660,532,52.54,76.32,0.0000,0.0000,126,505
2665,533,54.69,78.80,0.0000,0.0000,113,483
2670,534,53.09,77.34,0.0000,0.0000,121,501
2675,535,53.83,77.38,0.0000,0.0000,121,494
2680,536,53.08,78.17,0.0000,0.0000,117,503
2685,537,50.56,75.61,0.0000,0.0000,131,531
2690,538,51.58,75.46,0.0000,0.0000,132,521
2695,539,51.95,76.62,0.0000,0.0000,126,518
2700,540,53.06,77.78,0.0000,0.0000,120,507
2705,541,53.51,78.37,0.0000,0.0000,117,503
2710,542,53.69,78.60,0.0000,0.0000,116,502
2715,543,50.92,76.24,0.0000,0.0000,129,533
2720,544,51.47,75.18,0.0000,0.0000,135,528
2725,545,52.66,77.61,0.0000,0.0000,122,516
2730,546,52.29,77.29,0.0000,0.0000,124,521
2735,547,50.09,74.59,0.0000,0.0000,139,546
2740,548,53.19,77.74,0.0000,0.0000,122,513
2745,549,51.46,75.23,0.0000,0.0000,136,533
2750,550,50.27,75.09,0.0000,0.0000,137,547
2755,551,49.00,73.50,0.0000,0.0000,146,562
2760,552,53.17,77.36,0.0000,0.0000,125,517
2765,553,53.25,78.12,0.0000,0.0000,121,517
2770,554,51.90,75.81,0.0000,0.0000,134,533
2775,555,49.28,74.41,0.0000,0.0000,142,563
2780,556,49.55,74.28,0.0000,0.0000,143,561
2785,557,53.77,77.56,0.0000,0.0000,125,515
2790,558,51.61,76.70,0.0000,0.0000,130,540
2795,559,49.91,75.67,0.0000,0.0000,136,560
2800,560,52.05,76.43,0.0000,0.0000,132,537
2805,561,52.32,76.11,0.0000,0.0000,134,535
2810,562,52.94,76.51,0.0000,0.0000,132,529
2815,563,50.36,75.67,0.0000,0.0000,137,559
2820,564,51.24,76.06,0.0000,0.0000,135,550
2825,565,50.97,76.28,0.0000,0.0000,134,554
2830,566,52.21,76.68,0.0000,0.0000,132,541
2835,567,52.82,77.25,0.0000,0.0000,129,535
2840,568,50.44,74.12,0.0000,0.0000,147,563
2845,569,51.93,76.80,0.0000,0.0000,132,547
2850,570,53.07,77.54,0.0000,0.0000,128,535
2855,571,52.10,76.18,0.0000,0.0000,136,547
2860,572,50.70,75.70,0.0000,0.0000,139,564
2865,573,53.58,78.18,0.0000,0.0000,125,532
2870,574,51.31,76.66,0.0000,0.0000,134,559
2875,575,51.30,75.83,0.0000,0.0000,139,560
2880,576,50.17,74.83,0.0000,0.0000,145,574
2885,577,50.95,74.70,0.0000,0.0000,146,566
2890,578,49.22,73.70,0.0000,0.0000,152,587
2895,579,51.73,74.96,0.0000,0.0000,145,559
2900,580,50.43,74.66,0.0000,0.0000,147,575
2905,581,53.10,77.11,0.0000,0.0000,133,545
2910,582,52.49,76.46,0.0000,0.0000,137,553
2915,583,53.86,77.53,0.0000,0.0000,131,538
2920,584,52.65,76.71,0.0000,0.0000,136,553
2925,585,51.97,75.73,0.0000,0.0000,142,562
2930,586,53.24,75.77,0.0000,0.0000,142,548
2935,587,54.09,78.19,0.0000,0.0000,128,539
2940,588,50.94,75.00,0.0000,0.0000,147,577
2945,589,50.76,74.87,0.0000,0.0000,148,580
2950,590,52.71,76.10,0.0000,0.0000,141,558
2955,591,50.42,75.13,0.0000,0.0000,147,586
2960,592,49.24,72.97,0.0000,0.0000,160,601
2965,593,50.76,74.20,0.0000,0.0000,153,584
2970,594,51.77,75.76,0.0000,0.0000,144,573
2975,595,54.45,78.66,0.0000,0.0000,127,542
2980,596,50.08,74.83,0.0000,0.0000,150,595
2985,597,51.76,75.21,0.0000,0.0000,148,576
2990,598,50.25,74.25,0.0000,0.0000,154,595
2995,599,53.09,76.96,0.0000,0.0000,138,562
3000,600,53.08,77.33,0.0000,0.0000,136,563
